Sales Person,Country,Product,Date,Amount,Boxes Shipped,Perbox_price,Cluster
Jehu Rudeforth,UK,Mint Chip Choco,2022-01-04,5320.0,180.0,29.555555555555557,1
Van Tuxwell,India,85% Dark Bars,2022-08-01,7896.0,94.0,84.0,0
Gigi Bohling,India,Peanut Butter Cubes,2022-07-07,4501.0,91.0,49.46153846153846,1
Jan Morforth,Australia,Peanut Butter Cubes,2022-04-27,12726.0,342.0,37.21052631578947,0
Jehu Rudeforth,UK,Peanut Butter Cubes,2022-02-24,13685.0,184.0,74.375,0
Van Tuxwell,India,Smooth Sliky Salty,2022-06-06,5376.0,38.0,141.47368421052633,1
Oby Sorrel,UK,99% Dark & Pure,2022-01-25,13685.0,176.0,77.75568181818181,0
Gunar Cockshoot,Australia,After Nines,2022-03-24,3080.0,73.0,42.19178082191781,1
Jehu Rudeforth,New Zealand,50% Dark Bites,2022-04-20,3990.0,59.000000000000014,67.62711864406779,1
Brien Boise,Australia,99% Dark & Pure,2022-07-04,2835.0,102.0,27.794117647058822,1
Rafaelita Blaksland,UK,Smooth Sliky Salty,2022-01-13,4704.0,62.0,75.87096774193549,1
Mallorie Waber,Canada,Eclairs,2022-01-13,1442.0,286.0,5.04195804195804,1
Karlen McCaffrey,New Zealand,Drinking Coco,2022-07-28,168.0,156.0,1.0769230769230802,1
Marney O'Breen,New Zealand,Peanut Butter Cubes,2022-08-03,8379.0,173.0,48.433526011560694,0
Beverie Moffet,Australia,Organic Choco Syrup,2022-01-26,6790.0,356.0,19.073033707865168,0
Van Tuxwell,Canada,Organic Choco Syrup,2022-02-14,4067.0,42.000000000000014,96.83333333333333,1
Roddy Speechley,USA,Smooth Sliky Salty,2022-04-05,3017.0,140.0,21.55,1
Beverie Moffet,Canada,Milk Bars,2022-02-16,8799.0,250.0,35.196,0
Curtice Advani,UK,85% Dark Bars,2022-06-08,1085.0000000000005,172.0,6.308139534883722,1
Brien Boise,Australia,Eclairs,2022-06-27,6888.0,88.0,78.27272727272727,0
Gunar Cockshoot,USA,Spicy Special Slims,2022-02-17,1267.0,157.0,8.070063694267517,1
Marney O'Breen,USA,After Nines,2022-05-30,4753.0,163.0,29.15950920245399,1
Husein Augar,UK,Drinking Coco,2022-03-14,3003.0,113.0,26.575221238938052,1
Kaine Padly,Australia,Eclairs,2022-02-28,7672.0,115.0,66.71304347826087,0
Karlen McCaffrey,India,Fruit & Nut Bars,2022-01-26,168.0,321.0,0.5233644859813111,1
Roddy Speechley,Canada,Spicy Special Slims,2022-02-09,1652.0,186.0,8.881720430107528,1
Husein Augar,USA,Eclairs,2022-07-07,4025.0,112.0,35.9375,1
Dennison Crosswaite,New Zealand,White Choc,2022-07-05,9492.0,151.0,62.86092715231788,0
Dennison Crosswaite,New Zealand,Manuka Honey Choco,2022-06-15,5061.0,301.0,16.813953488372093,1
Van Tuxwell,New Zealand,85% Dark Bars,2022-05-24,1722.0,121.0,14.231404958677686,1
Rafaelita Blaksland,UK,99% Dark & Pure,2022-06-29,12446.0,150.0,82.97333333333333,0
Wilone O'Kielt,Australia,Manuka Honey Choco,2022-05-11,4284.0,94.0,45.57446808510638,1
Karlen McCaffrey,UK,Almond Choco,2022-06-30,6839.0,133.0,51.421052631578945,0
Andria Kimpton,Canada,After Nines,2022-05-11,2163.0,70.0,30.9,1
Roddy Speechley,USA,Manuka Honey Choco,2022-07-22,9583.0,315.0,30.42222222222222,0
Andria Kimpton,UK,50% Dark Bites,2022-08-24,2653.0,314.0,8.44904458598726,1
Kelci Walkden,New Zealand,After Nines,2022-07-07,147.0,72.0,2.0416666666666643,1
Kelci Walkden,USA,After Nines,2022-06-02,938.0,16.0,58.625,1
Karlen McCaffrey,USA,Raspberry Choco,2022-04-15,14749.0,354.0,41.663841807909606,0
Mallorie Waber,Canada,Choco Coated Almonds,2022-07-11,4781.0,241.0,19.838174273858918,1
Andria Kimpton,India,Spicy Special Slims,2022-02-23,6307.0,142.0,44.41549295774648,0
Madelene Upcott,Canada,Almond Choco,2022-08-22,7602.0,102.0,74.52941176470588,0
Kaine Padly,USA,Peanut Butter Cubes,2022-02-16,6790.0,188.0,36.11702127659574,0
Van Tuxwell,USA,50% Dark Bites,2022-01-13,9737.0,160.0,60.85625,0
Roddy Speechley,India,Eclairs,2022-06-10,4382.0,303.0,14.462046204620464,1
Curtice Advani,India,Fruit & Nut Bars,2022-07-07,5243.0,176.0,29.789772727272727,1
Curtice Advani,Canada,Almond Choco,2022-03-24,4865.0,70.0,69.5,1
Dotty Strutley,Australia,Drinking Coco,2022-07-19,91.0,135.0,0.6740740740740705,1
Marney O'Breen,India,85% Dark Bars,2022-07-19,2205.0,179.0,12.318435754189942,1
Jehu Rudeforth,Canada,Drinking Coco,2022-07-15,441.0,24.0,18.375,1
Andria Kimpton,Australia,50% Dark Bites,2022-06-02,4438.0,227.0,19.55066079295154,1
Andria Kimpton,Australia,Drinking Coco,2022-06-28,1603.0,48.0,33.395833333333336,1
Marney O'Breen,Australia,Organic Choco Syrup,2022-05-16,273.0,174.0,1.5689655172413808,1
Kelci Walkden,Canada,Baker's Choco Chips,2022-05-26,3073.0,302.0,10.175496688741728,1
Karlen McCaffrey,India,Almond Choco,2022-07-06,6090.0,149.0,40.87248322147651,0
Camilla Castle,India,50% Dark Bites,2022-07-04,9275.0,411.0,22.5669099756691,0
Oby Sorrel,India,Organic Choco Syrup,2022-07-08,6181.0,55.999999999999986,110.375,0
Jan Morforth,USA,Peanut Butter Cubes,2022-07-22,9037.0,102.0,88.59803921568627,0
Gigi Bohling,USA,Choco Coated Almonds,2022-03-02,12313.0,103.0,119.54368932038835,0
Jehu Rudeforth,New Zealand,White Choc,2022-03-11,2800.0,241.0,11.61825726141079,1
Andria Kimpton,New Zealand,Peanut Butter Cubes,2022-06-20,959.0,265.0,3.6188679245283026,1
Van Tuxwell,UK,Organic Choco Syrup,2022-08-26,2002.0,214.0,9.35514018691589,1
Roddy Speechley,Canada,Milk Bars,2022-07-13,609.0,32.0,19.031249999999996,1
Camilla Castle,USA,Spicy Special Slims,2022-02-11,1273.9999999999995,244.0,5.221311475409834,1
Marney O'Breen,USA,Orange Choco,2022-01-27,7595.0,181.0,41.96132596685083,0
Van Tuxwell,UK,99% Dark & Pure,2022-01-31,4725.0,137.0,34.48905109489051,1
Dotty Strutley,Australia,Fruit & Nut Bars,2022-08-23,280.0,311.0,0.90032154340836,1
Brien Boise,New Zealand,Mint Chip Choco,2022-08-01,63.0,181.0,0.34806629834254466,1
Roddy Speechley,Canada,Organic Choco Syrup,2022-01-10,4032.0,82.0,49.170731707317074,1
Dennison Crosswaite,Australia,70% Dark Bites,2022-02-07,5859.0,108.0,54.25,1
Karlen McCaffrey,USA,Orange Choco,2022-05-12,11095.0,401.0,27.668329177057355,0
Madelene Upcott,Australia,Spicy Special Slims,2022-03-07,7182.0,408.0,17.602941176470587,0
Dennison Crosswaite,Australia,85% Dark Bars,2022-04-05,6881.0,420.0,16.383333333333333,0
Andria Kimpton,Canada,Caramel Stuffed Bars,2022-01-03,7154.0,348.0,20.557471264367816,0
Dennison Crosswaite,UK,Eclairs,2022-03-24,6188.0,270.0,22.918518518518518,0
Van Tuxwell,USA,After Nines,2022-07-26,630.0,264.0,2.386363636363633,1
Wilone O'Kielt,Australia,Organic Choco Syrup,2022-07-07,1743.0,111.0,15.702702702702702,1
Karlen McCaffrey,Canada,50% Dark Bites,2022-07-15,2919.0,65.0,44.90769230769231,1
Roddy Speechley,New Zealand,Orange Choco,2022-04-01,49.0,97.0,0.5051546391752595,1
Marney O'Breen,USA,50% Dark Bites,2022-06-15,1063.9999999999995,106.0,10.037735849056602,1
Husein Augar,USA,After Nines,2022-04-08,11571.0,180.0,64.28333333333333,0
Andria Kimpton,USA,Fruit & Nut Bars,2022-07-15,1456.0,359.0,4.055710306406688,1
Kelci Walkden,India,Eclairs,2022-04-19,5334.0,80.0,66.675,1
Marney O'Breen,USA,99% Dark & Pure,2022-03-28,4151.0,296.0,14.02364864864865,1
Brien Boise,Canada,Spicy Special Slims,2022-03-04,8106.0,101.0,80.25742574257426,0
Karlen McCaffrey,New Zealand,70% Dark Bites,2022-08-02,126.0,40.0,3.1499999999999986,1
Husein Augar,UK,Spicy Special Slims,2022-08-25,4697.0,42.000000000000014,111.83333333333333,1
Marney O'Breen,USA,Almond Choco,2022-02-25,7798.0,167.0,46.69461077844311,0
Kelci Walkden,India,Orange Choco,2022-06-07,9408.0,138.0,68.17391304347827,0
Ches Bonnell,India,Spicy Special Slims,2022-07-06,10906.0,94.0,116.02127659574468,0
Kelci Walkden,UK,Smooth Sliky Salty,2022-01-19,5929.0,175.0,33.88,1
Madelene Upcott,Australia,Fruit & Nut Bars,2022-01-05,5579.0,92.0,60.641304347826086,1
Madelene Upcott,Canada,70% Dark Bites,2022-01-24,10927.0,141.0,77.49645390070921,0
Wilone O'Kielt,Australia,Drinking Coco,2022-04-06,623.0,283.0,2.201413427561839,1
Gigi Bohling,Canada,Baker's Choco Chips,2022-01-28,1505.0,47.0,32.02127659574468,1
Kelci Walkden,India,Caramel Stuffed Bars,2022-03-16,476.0,125.0,3.808,1
Rafaelita Blaksland,Australia,Drinking Coco,2022-02-21,11550.0,396.0,29.166666666666668,0
Jehu Rudeforth,Canada,Spicy Special Slims,2022-01-13,1848.0,27.0,68.44444444444444,1
Curtice Advani,Canada,Spicy Special Slims,2022-06-16,854.0,118.0,7.237288135593218,1
Oby Sorrel,India,Raspberry Choco,2022-04-14,6832.0,46.0,148.52173913043478,0
Kelci Walkden,UK,Eclairs,2022-01-25,4606.0,57.0,80.80701754385964,1
Dotty Strutley,UK,Almond Choco,2022-07-28,16114.0,96.0,167.85416666666663,0
Marney O'Breen,New Zealand,After Nines,2022-03-09,1561.0,43.999999999999986,35.47727272727273,1
Husein Augar,Australia,Orange Choco,2022-06-28,8897.0,188.0,47.32446808510638,0
Marney O'Breen,Australia,Milk Bars,2022-07-28,2464.0,387.0,6.366925064599485,1
Kelci Walkden,Canada,99% Dark & Pure,2022-08-15,4830.0,50.0,96.6,1
Kaine Padly,Australia,Manuka Honey Choco,2022-01-12,2765.0,264.0,10.473484848484848,1
Van Tuxwell,UK,Milk Bars,2022-07-25,4263.0,90.0,47.36666666666667,1
Oby Sorrel,Canada,99% Dark & Pure,2022-08-01,3605.0,403.0,8.945409429280396,1
Roddy Speechley,India,Smooth Sliky Salty,2022-08-10,5103.0,140.0,36.45,1
Jan Morforth,India,Eclairs,2022-01-05,2541.0,27.0,94.11111111111111,1
Ches Bonnell,UK,Smooth Sliky Salty,2022-07-11,5663.0,110.0,51.481818181818184,1
Wilone O'Kielt,USA,After Nines,2022-04-25,392.0,30.0,13.066666666666666,1
Gigi Bohling,New Zealand,Fruit & Nut Bars,2022-04-04,10976.0,121.0,90.71074380165291,0
Barr Faughny,USA,Raspberry Choco,2022-04-12,9282.0,101.0,91.9009900990099,0
Wilone O'Kielt,New Zealand,85% Dark Bars,2022-08-02,1827.0,117.0,15.61538461538461,1
Gigi Bohling,New Zealand,Manuka Honey Choco,2022-06-28,8267.0,272.0,30.39338235294118,0
Ches Bonnell,Australia,Eclairs,2022-07-05,4116.0,128.0,32.15625,1
Rafaelita Blaksland,New Zealand,Choco Coated Almonds,2022-06-07,2093.0,45.0,46.51111111111111,1
Brien Boise,New Zealand,Smooth Sliky Salty,2022-01-18,1015.0,27.0,37.592592592592595,1
Brien Boise,Australia,Baker's Choco Chips,2022-01-04,12516.0,212.0,59.0377358490566,0
Dennison Crosswaite,Australia,99% Dark & Pure,2022-01-31,2758.0,18.0,153.22222222222223,1
Kelci Walkden,India,Almond Choco,2022-03-14,3297.0,149.0,22.12751677852349,1
Oby Sorrel,India,Smooth Sliky Salty,2022-02-07,10101.0,108.0,93.52777777777777,0
Kaine Padly,UK,Organic Choco Syrup,2022-03-31,2282.0,178.0,12.820224719101123,1
Marney O'Breen,India,Caramel Stuffed Bars,2022-03-16,4361.0,81.0,53.839506172839506,1
Karlen McCaffrey,UK,Eclairs,2022-01-25,7798.0,196.0,39.785714285714285,0
Van Tuxwell,India,Baker's Choco Chips,2022-06-20,3052.0,447.0,6.827740492170022,1
Gigi Bohling,UK,After Nines,2022-03-29,8029.0,175.0,45.88,0
Curtice Advani,Australia,Orange Choco,2022-07-12,854.0,136.0,6.279411764705884,1
Jehu Rudeforth,Canada,Smooth Sliky Salty,2022-07-11,5460.0,138.0,39.56521739130435,1
Karlen McCaffrey,Canada,Smooth Sliky Salty,2022-01-19,3017.0,184.0,16.39673913043478,1
Andria Kimpton,USA,85% Dark Bars,2022-04-05,8911.0,82.0,108.67073170731707,0
Mallorie Waber,Australia,Milk Bars,2022-07-29,2779.0,104.0,26.721153846153847,1
Marney O'Breen,UK,Caramel Stuffed Bars,2022-07-19,3549.0,112.0,31.6875,1
Roddy Speechley,New Zealand,Milk Bars,2022-03-02,5446.0,116.0,46.94827586206897,1
Ches Bonnell,Australia,White Choc,2022-03-02,1042.9999999999995,202.0,5.163366336633665,1
Brien Boise,UK,White Choc,2022-04-12,5299.0,167.0,31.730538922155688,1
Van Tuxwell,Canada,Almond Choco,2022-06-27,3213.0,72.0,44.625,1
Jehu Rudeforth,Australia,50% Dark Bites,2022-01-14,5194.0,418.0,12.42583732057416,1
Karlen McCaffrey,UK,Baker's Choco Chips,2022-02-07,4753.0,389.0,12.218508997429304,1
Marney O'Breen,India,Peanut Butter Cubes,2022-01-10,6489.0,146.0,44.445205479452056,0
Barr Faughny,Australia,White Choc,2022-07-04,8113.0,370.0,21.927027027027027,0
Kaine Padly,Canada,Peanut Butter Cubes,2022-07-04,3269.0,176.0,18.573863636363637,1
Dotty Strutley,USA,Manuka Honey Choco,2022-08-10,273.0,210.0,1.2999999999999972,1
Gigi Bohling,India,Raspberry Choco,2022-02-22,2583.0,159.0,16.245283018867923,1
Camilla Castle,UK,White Choc,2022-01-03,9982.0,187.0,53.37967914438503,0
Karlen McCaffrey,India,Drinking Coco,2022-05-31,4795.0,233.0,20.5793991416309,1
Dotty Strutley,UK,99% Dark & Pure,2022-01-03,9310.0,282.0,33.01418439716312,0
Barr Faughny,UK,50% Dark Bites,2022-01-28,581.0,65.0,8.938461538461539,1
Curtice Advani,Australia,Organic Choco Syrup,2022-06-28,3472.0,311.0,11.163987138263664,1
Husein Augar,UK,Choco Coated Almonds,2022-03-02,4333.0,43.0,100.76744186046511,1
Wilone O'Kielt,Australia,After Nines,2022-05-27,3325.0,26.0,127.88461538461537,1
Dennison Crosswaite,USA,Almond Choco,2022-06-30,11718.0,84.0,139.5,0
Barr Faughny,Canada,Peanut Butter Cubes,2022-06-07,2100.0,78.0,26.923076923076923,1
Kaine Padly,USA,70% Dark Bites,2022-05-12,4018.0,100.0,40.18,1
Barr Faughny,New Zealand,Raspberry Choco,2022-07-29,6468.0,66.00000000000001,98.0,0
Dennison Crosswaite,UK,White Choc,2022-08-03,7238.0,265.0,27.31320754716981,0
Barr Faughny,India,Baker's Choco Chips,2022-08-18,6454.0,141.0,45.773049645390074,0
Van Tuxwell,New Zealand,Smooth Sliky Salty,2022-06-14,3115.0,42.000000000000014,74.16666666666667,1
Beverie Moffet,UK,White Choc,2022-06-30,6475.0,76.0,85.19736842105263,0
Camilla Castle,New Zealand,Mint Chip Choco,2022-06-13,1162.0000000000005,190.0,6.1157894736842096,1
Jan Morforth,Australia,White Choc,2022-07-27,3472.0,32.0,108.5,1
Mallorie Waber,Canada,85% Dark Bars,2022-04-20,1428.0,424.0,3.3679245283018844,1
Rafaelita Blaksland,India,Spicy Special Slims,2022-01-04,8064.0,134.0,60.17910447761194,0
Ches Bonnell,Australia,Mint Chip Choco,2022-02-21,9660.0,92.0,105.0,0
Karlen McCaffrey,Australia,White Choc,2022-01-05,7357.0,48.0,153.27083333333334,0
Beverie Moffet,India,Drinking Coco,2022-07-15,6055.0,46.0,131.6304347826087,0
Brien Boise,Australia,Choco Coated Almonds,2022-05-25,5124.0,62.0,82.64516129032258,1
Karlen McCaffrey,Canada,Eclairs,2022-04-20,3479.0,358.0,9.717877094972067,1
Gigi Bohling,USA,99% Dark & Pure,2022-06-02,784.0,249.0,3.1485943775100367,1
Beverie Moffet,New Zealand,Baker's Choco Chips,2022-08-03,1372.0000000000005,144.0,9.527777777777779,1
Beverie Moffet,Australia,Milk Bars,2022-05-25,735.0,390.0,1.8846153846153868,1
Van Tuxwell,UK,Raspberry Choco,2022-03-16,6538.0,79.0,82.75949367088607,0
Jan Morforth,Australia,Orange Choco,2022-07-04,3199.0,122.0,26.221311475409838,1
Jehu Rudeforth,India,50% Dark Bites,2022-07-05,3472.0,135.0,25.71851851851852,1
Madelene Upcott,USA,After Nines,2022-03-15,4571.0,430.0,10.630232558139536,1
Barr Faughny,UK,Raspberry Choco,2022-08-22,5481.0,69.0,79.43478260869566,1
Ches Bonnell,Australia,70% Dark Bites,2022-01-12,3136.0,125.0,25.088,1
Marney O'Breen,UK,Baker's Choco Chips,2022-06-10,252.0,154.0,1.6363636363636402,1
Kaine Padly,Australia,Peanut Butter Cubes,2022-03-25,5460.0,286.0,19.090909090909086,1
Rafaelita Blaksland,India,Almond Choco,2022-07-27,3395.0,99.0,34.292929292929294,1
Husein Augar,UK,Caramel Stuffed Bars,2022-04-15,14938.0,433.0,34.49884526558891,0
Jehu Rudeforth,UK,70% Dark Bites,2022-04-14,5565.0,258.0,21.56976744186046,1
Husein Augar,Australia,Manuka Honey Choco,2022-03-15,7161.0,92.0,77.83695652173913,0
Madelene Upcott,USA,Eclairs,2022-03-18,8883.0,200.0,44.415,0
Brien Boise,India,Eclairs,2022-04-29,1350.9999999999995,61.000000000000014,22.147540983606554,1
Mallorie Waber,New Zealand,White Choc,2022-02-25,3171.0,246.0,12.890243902439028,1
Husein Augar,USA,Milk Bars,2022-03-02,854.0,55.999999999999986,15.250000000000004,1
Van Tuxwell,Australia,Milk Bars,2022-06-20,7910.0,87.0,90.91954022988506,0
Beverie Moffet,Canada,White Choc,2022-07-15,9275.0,173.0,53.61271676300578,0
Dotty Strutley,Australia,50% Dark Bites,2022-05-12,3108.0,252.0,12.333333333333336,1
Mallorie Waber,New Zealand,Organic Choco Syrup,2022-07-01,5075.0,256.0,19.824218749999996,1
Husein Augar,USA,85% Dark Bars,2022-08-08,378.0,54.000000000000014,7.0,1
Wilone O'Kielt,UK,Drinking Coco,2022-05-18,3388.0,55.0,61.599999999999994,1
Camilla Castle,India,Peanut Butter Cubes,2022-07-15,11837.0,277.0,42.73285198555957,0
Curtice Advani,India,70% Dark Bites,2022-07-05,2282.0,43.999999999999986,51.86363636363637,1
Mallorie Waber,USA,Manuka Honey Choco,2022-07-04,5425.0,96.0,56.510416666666664,1
Dotty Strutley,UK,70% Dark Bites,2022-06-20,1267.0,216.0,5.8657407407407405,1
Gunar Cockshoot,Australia,Almond Choco,2022-01-25,3752.0,424.0,8.849056603773583,1
Gigi Bohling,USA,50% Dark Bites,2022-04-13,2296.0,59.000000000000014,38.91525423728814,1
Beverie Moffet,UK,Smooth Sliky Salty,2022-05-04,4403.0,76.0,57.93421052631579,1
Beverie Moffet,Australia,Baker's Choco Chips,2022-08-04,3192.0,109.0,29.28440366972477,1
Beverie Moffet,India,70% Dark Bites,2022-06-01,448.0,146.0,3.0684931506849296,1
Jehu Rudeforth,UK,Choco Coated Almonds,2022-04-22,4270.0,185.0,23.08108108108108,1
Kaine Padly,USA,50% Dark Bites,2022-08-03,70.0,27.0,2.5925925925925952,1
Ches Bonnell,USA,Orange Choco,2022-06-10,1743.0,69.0,25.26086956521739,1
Gunar Cockshoot,UK,Manuka Honey Choco,2022-06-27,6762.0,46.0,147.0,0
Marney O'Breen,Australia,Smooth Sliky Salty,2022-01-03,3745.0,170.0,22.029411764705884,1
Marney O'Breen,India,After Nines,2022-07-11,2639.0,179.0,14.743016759776541,1
Ches Bonnell,New Zealand,Milk Bars,2022-08-17,4389.0,126.0,34.833333333333336,1
Rafaelita Blaksland,USA,Fruit & Nut Bars,2022-01-18,2604.0,65.0,40.06153846153846,1
Mallorie Waber,Australia,Orange Choco,2022-03-07,14658.0,275.0,53.301818181818184,0
Husein Augar,India,70% Dark Bites,2022-05-09,6454.0,157.0,41.10828025477707,0
Barr Faughny,New Zealand,85% Dark Bars,2022-05-23,2100.0,157.0,13.375796178343947,1
Madelene Upcott,UK,Caramel Stuffed Bars,2022-04-15,161.0,145.0,1.1103448275862036,1
Gigi Bohling,Australia,Drinking Coco,2022-07-27,2807.0,139.0,20.194244604316548,1
Marney O'Breen,Canada,Choco Coated Almonds,2022-08-22,2639.0,406.0,6.5,1
Ches Bonnell,USA,70% Dark Bites,2022-05-11,4571.0,122.0,37.467213114754095,1
Madelene Upcott,India,Organic Choco Syrup,2022-01-26,4781.0,38.0,125.8157894736842,1
Barr Faughny,USA,50% Dark Bites,2022-04-14,13034.0,117.0,111.4017094017094,0
Dennison Crosswaite,New Zealand,Mint Chip Choco,2022-04-05,6454.0,417.0,15.477218225419662,0
Marney O'Breen,New Zealand,Smooth Sliky Salty,2022-06-14,8484.0,57.0,148.8421052631579,0
Brien Boise,Canada,Almond Choco,2022-04-13,4781.0,125.0,38.248,1
Beverie Moffet,Australia,White Choc,2022-06-27,2240.0,166.0,13.493975903614462,1
Barr Faughny,UK,White Choc,2022-07-05,1652.0,72.0,22.944444444444443,1
Beverie Moffet,Canada,Baker's Choco Chips,2022-01-11,13447.0,95.0,141.54736842105262,0
Kaine Padly,Canada,50% Dark Bites,2022-03-04,8687.0,100.0,86.87,0
Karlen McCaffrey,Canada,Organic Choco Syrup,2022-07-15,2415.0,312.0,7.740384615384613,1
Kaine Padly,UK,Peanut Butter Cubes,2022-05-11,6272.0,86.0,72.93023255813954,0
Karlen McCaffrey,India,Orange Choco,2022-06-27,3122.0,149.0,20.953020134228186,1
Wilone O'Kielt,New Zealand,Mint Chip Choco,2022-08-19,11662.0,242.0,48.1900826446281,0
Wilone O'Kielt,Australia,Fruit & Nut Bars,2022-06-15,392.0,102.0,3.8431372549019613,1
Dennison Crosswaite,UK,Peanut Butter Cubes,2022-02-07,8925.0,158.0,56.4873417721519,0
Karlen McCaffrey,Australia,Almond Choco,2022-07-08,7294.0,128.0,56.984375,0
Dennison Crosswaite,India,Milk Bars,2022-04-21,1526.0,96.0,15.895833333333336,1
Ches Bonnell,UK,Mint Chip Choco,2022-04-08,2688.0,209.0,12.861244019138756,1
Jan Morforth,India,Fruit & Nut Bars,2022-05-04,2912.0,55.0,52.945454545454545,1
Mallorie Waber,USA,85% Dark Bars,2022-05-11,2632.0,108.0,24.37037037037037,1
Mallorie Waber,USA,Eclairs,2022-03-22,6328.0,50.999999999999986,124.07843137254902,0
Dennison Crosswaite,Canada,Spicy Special Slims,2022-08-10,2527.0,216.0,11.699074074074076,1
Dennison Crosswaite,USA,Fruit & Nut Bars,2022-05-04,1414.0,318.0,4.446540880503143,1
Kelci Walkden,USA,99% Dark & Pure,2022-08-18,7714.0,238.0,32.411764705882355,0
Dotty Strutley,Canada,Raspberry Choco,2022-08-03,4347.0,238.0,18.264705882352942,1
Marney O'Breen,New Zealand,Milk Bars,2022-01-14,7490.0,315.0,23.77777777777778,0
Madelene Upcott,Australia,Choco Coated Almonds,2022-04-08,2058.0,72.0,28.58333333333333,1
Dennison Crosswaite,Canada,Eclairs,2022-03-15,455.0,45.0,10.11111111111111,1
Karlen McCaffrey,India,Mint Chip Choco,2022-07-15,10990.0,184.0,59.72826086956522,0
Barr Faughny,New Zealand,Almond Choco,2022-01-13,5558.0,127.0,43.76377952755905,1
Mallorie Waber,Australia,85% Dark Bars,2022-08-26,2541.0,53.0,47.943396226415096,1
Ches Bonnell,Canada,Eclairs,2022-01-10,1876.0,172.0,10.906976744186046,1
Gigi Bohling,Australia,White Choc,2022-05-11,5523.0,87.0,63.48275862068966,1
Kaine Padly,USA,Caramel Stuffed Bars,2022-07-21,5593.0,122.0,45.84426229508197,1
Mallorie Waber,Australia,Almond Choco,2022-08-01,7882.0,125.0,63.056,0
Brien Boise,Canada,85% Dark Bars,2022-02-17,10241.0,259.0,39.54054054054054,0
Brien Boise,Australia,Drinking Coco,2022-07-27,6832.0,156.0,43.794871794871796,0
Dotty Strutley,USA,Orange Choco,2022-02-23,1379.0,107.0,12.88785046728972,1
Rafaelita Blaksland,Australia,50% Dark Bites,2022-03-22,3010.0,40.0,75.25,1
Dennison Crosswaite,India,99% Dark & Pure,2022-06-23,6888.0,311.0,22.14790996784566,0
Curtice Advani,UK,White Choc,2022-02-01,1540.0,73.0,21.095890410958905,1
Kelci Walkden,Australia,After Nines,2022-03-02,6916.0,288.0,24.01388888888889,0
Gigi Bohling,UK,Fruit & Nut Bars,2022-04-06,1232.0,86.0,14.325581395348841,1
Gunar Cockshoot,Australia,Raspberry Choco,2022-03-17,602.0,72.0,8.361111111111114,1
Curtice Advani,UK,Fruit & Nut Bars,2022-06-24,10927.0,136.0,80.34558823529412,0
Barr Faughny,Canada,50% Dark Bites,2022-07-19,10185.0,303.0,33.613861386138616,0
Curtice Advani,USA,Spicy Special Slims,2022-07-11,1603.0,264.0,6.0719696969696955,1
Brien Boise,India,Almond Choco,2022-01-13,2170.0,218.0,9.954128440366972,1
Oby Sorrel,New Zealand,Smooth Sliky Salty,2022-07-07,8673.0,60.0,144.55,0
Jan Morforth,India,85% Dark Bars,2022-05-25,4760.0,418.0,11.38755980861244,1
Marney O'Breen,India,Fruit & Nut Bars,2022-04-13,4753.0,151.0,31.47682119205298,1
Andria Kimpton,New Zealand,50% Dark Bites,2022-03-02,3374.0,202.0,16.702970297029704,1
Gunar Cockshoot,Canada,Raspberry Choco,2022-06-23,2058.0,126.0,16.333333333333332,1
Kelci Walkden,USA,Drinking Coco,2022-07-26,6454.0,160.0,40.3375,0
Van Tuxwell,Canada,White Choc,2022-03-22,420.0,3.0,140.0,1
Rafaelita Blaksland,USA,Baker's Choco Chips,2022-06-09,2863.0,58.0,49.36206896551724,1
Van Tuxwell,Australia,Caramel Stuffed Bars,2022-05-17,5936.0,59.000000000000014,100.61016949152543,1
Ches Bonnell,New Zealand,Peanut Butter Cubes,2022-03-04,889.0,273.0,3.2564102564102484,1
Dennison Crosswaite,Canada,Choco Coated Almonds,2022-01-13,10479.0,118.0,88.80508474576271,0
Curtice Advani,Australia,Almond Choco,2022-07-13,2912.0,75.0,38.82666666666667,1
Madelene Upcott,Australia,85% Dark Bars,2022-06-16,1575.0,329.0,4.7872340425531945,1
Gigi Bohling,UK,50% Dark Bites,2022-07-18,8197.0,69.0,118.79710144927536,0
Ches Bonnell,UK,Manuka Honey Choco,2022-05-30,4221.0,395.0,10.686075949367087,1
Gigi Bohling,UK,70% Dark Bites,2022-06-21,840.0,81.0,10.370370370370367,1
Jehu Rudeforth,Australia,Peanut Butter Cubes,2022-06-24,5691.0,38.0,149.76315789473685,1
Marney O'Breen,India,Eclairs,2022-01-13,3472.0,96.0,36.166666666666664,1
Curtice Advani,Canada,Fruit & Nut Bars,2022-04-04,4193.0,195.0,21.502564102564104,1
Karlen McCaffrey,Canada,Spicy Special Slims,2022-08-02,6328.0,47.0,134.63829787234042,0
Kelci Walkden,USA,Organic Choco Syrup,2022-07-21,9870.0,152.0,64.9342105263158,0
Curtice Advani,India,Spicy Special Slims,2022-06-20,161.0,134.0,1.2014925373134346,1
Roddy Speechley,India,After Nines,2022-06-22,2576.0,112.0,23.0,1
Curtice Advani,Australia,99% Dark & Pure,2022-01-07,4676.0,84.0,55.666666666666664,1
Mallorie Waber,UK,50% Dark Bites,2022-02-21,5502.0,99.0,55.57575757575758,1
Ches Bonnell,Canada,Baker's Choco Chips,2022-03-21,7462.0,371.0,20.11320754716981,0
Van Tuxwell,UK,Drinking Coco,2022-04-04,5803.0,136.0,42.669117647058826,1
Gunar Cockshoot,Canada,Fruit & Nut Bars,2022-03-24,13888.0,203.0,68.41379310344827,0
Gunar Cockshoot,New Zealand,Spicy Special Slims,2022-06-28,6867.0,183.0,37.52459016393443,0
Gunar Cockshoot,Australia,Drinking Coco,2022-01-14,2317.0,195.0,11.882051282051282,1
Karlen McCaffrey,New Zealand,Fruit & Nut Bars,2022-02-07,1218.0000000000005,135.0,9.022222222222226,1
Dennison Crosswaite,New Zealand,Drinking Coco,2022-01-11,4109.0,197.0,20.85786802030457,1
Jehu Rudeforth,India,99% Dark & Pure,2022-02-25,1953.0,242.0,8.070247933884296,1
Roddy Speechley,Australia,Mint Chip Choco,2022-05-05,6797.0,252.0,26.97222222222222,0
Madelene Upcott,New Zealand,Raspberry Choco,2022-05-18,9226.0,415.0,22.23132530120482,0
Dotty Strutley,New Zealand,Choco Coated Almonds,2022-01-04,5733.0,348.0,16.474137931034484,1
Roddy Speechley,New Zealand,50% Dark Bites,2022-05-09,4312.0,211.0,20.436018957345972,1
Rafaelita Blaksland,India,Smooth Sliky Salty,2022-05-06,1638.0,81.0,20.22222222222222,1
Husein Augar,UK,White Choc,2022-01-13,10815.0,145.0,74.58620689655173,0
Roddy Speechley,Australia,Almond Choco,2022-06-24,4466.0,74.0,60.351351351351354,1
Van Tuxwell,USA,Caramel Stuffed Bars,2022-02-14,986.9999999999995,21.0,47.0,1
Camilla Castle,Australia,99% Dark & Pure,2022-01-18,4669.0,101.0,46.227722772277225,1
Kaine Padly,India,Milk Bars,2022-05-02,2905.0,91.0,31.923076923076923,1
Ches Bonnell,Australia,Smooth Sliky Salty,2022-05-16,7490.0,54.000000000000014,138.7037037037037,0
Mallorie Waber,USA,Almond Choco,2022-01-28,6986.0,368.0,18.983695652173918,0
Kaine Padly,Canada,99% Dark & Pure,2022-06-24,1288.0,409.0,3.149144254278731,1
Oby Sorrel,UK,After Nines,2022-07-18,2345.0,104.0,22.548076923076927,1
Gunar Cockshoot,UK,Eclairs,2022-04-13,3619.0,164.0,22.067073170731707,1
Jan Morforth,India,Peanut Butter Cubes,2022-01-04,8092.0,178.0,45.46067415730337,0
Beverie Moffet,USA,Smooth Sliky Salty,2022-03-24,2317.0,352.0,6.58238636363636,1
Camilla Castle,Australia,Manuka Honey Choco,2022-03-17,637.0,169.0,3.7692307692307665,1
Oby Sorrel,Australia,Almond Choco,2022-02-15,6034.0,223.0,27.05829596412556,0
Jan Morforth,USA,Orange Choco,2022-06-29,980.0,146.0,6.712328767123289,1
Gigi Bohling,USA,Fruit & Nut Bars,2022-05-24,2821.0,112.0,25.1875,1
Mallorie Waber,UK,Milk Bars,2022-01-10,3563.0,284.0,12.545774647887324,1
Curtice Advani,USA,Raspberry Choco,2022-03-15,2996.0,139.0,21.553956834532375,1
Marney O'Breen,Canada,Milk Bars,2022-02-08,2436.0,309.0,7.883495145631066,1
Brien Boise,India,Caramel Stuffed Bars,2022-02-25,1540.0,100.0,15.399999999999999,1
Gunar Cockshoot,USA,Eclairs,2022-05-03,6916.0,42.000000000000014,164.66666666666666,0
Gunar Cockshoot,India,50% Dark Bites,2022-08-09,12992.0,83.0,156.53012048192772,0
Wilone O'Kielt,New Zealand,Manuka Honey Choco,2022-07-11,3724.0,234.0,15.914529914529915,1
Kaine Padly,UK,Manuka Honey Choco,2022-01-14,7133.0,118.0,60.44915254237288,0
Wilone O'Kielt,New Zealand,Almond Choco,2022-03-15,9198.0,144.0,63.875,0
Dennison Crosswaite,Australia,Organic Choco Syrup,2022-05-10,5775.0,41.0,140.85365853658536,1
Marney O'Breen,Australia,Spicy Special Slims,2022-06-23,13125.0,275.0,47.72727272727273,0
Beverie Moffet,Canada,Smooth Sliky Salty,2022-02-28,14287.0,370.0,38.61351351351351,0
Brien Boise,USA,Organic Choco Syrup,2022-05-25,16233.0,138.0,117.6304347826087,0
Roddy Speechley,New Zealand,Baker's Choco Chips,2022-02-22,5313.0,215.0,24.711627906976744,1
Van Tuxwell,UK,85% Dark Bars,2022-07-11,3577.0,134.0,26.69402985074627,1
Marney O'Breen,Canada,Spicy Special Slims,2022-01-03,3528.0,336.0,10.5,1
Rafaelita Blaksland,New Zealand,70% Dark Bites,2022-08-24,679.0,280.0,2.424999999999997,1
Beverie Moffet,USA,50% Dark Bites,2022-07-28,2450.0,352.0,6.960227272727273,1
Brien Boise,USA,Mint Chip Choco,2022-05-25,10577.0,150.0,70.51333333333334,0
Karlen McCaffrey,New Zealand,Eclairs,2022-05-06,2597.0,177.0,14.672316384180789,1
Barr Faughny,India,Drinking Coco,2022-01-28,2219.0,142.0,15.62676056338028,1
Ches Bonnell,Canada,Spicy Special Slims,2022-08-05,5327.0,183.0,29.10928961748634,1
Brien Boise,USA,Orange Choco,2022-01-28,6020.0,147.0,40.95238095238095,0
Kaine Padly,India,Spicy Special Slims,2022-08-31,5614.0,137.0,40.97810218978102,1
Mallorie Waber,USA,50% Dark Bites,2022-04-19,1736.0,13.0,133.53846153846155,1
Beverie Moffet,India,Choco Coated Almonds,2022-02-24,3577.0,261.0,13.70498084291188,1
Madelene Upcott,UK,Smooth Sliky Salty,2022-03-04,14539.0,84.0,173.08333333333334,0
Gigi Bohling,India,Eclairs,2022-06-21,3493.0,68.0,51.36764705882353,1
Rafaelita Blaksland,Australia,Organic Choco Syrup,2022-01-26,994.0,105.0,9.466666666666669,1
Oby Sorrel,New Zealand,White Choc,2022-06-10,4361.0,40.0,109.025,1
Andria Kimpton,UK,Drinking Coco,2022-05-23,1554.0,65.0,23.907692307692308,1
Kelci Walkden,India,Milk Bars,2022-04-15,966.0,107.0,9.028037383177569,1
Karlen McCaffrey,New Zealand,Caramel Stuffed Bars,2022-01-31,5334.0,227.0,23.497797356828194,1
Andria Kimpton,New Zealand,Organic Choco Syrup,2022-03-04,4935.0,39.0,126.53846153846153,1
Barr Faughny,New Zealand,After Nines,2022-04-19,10024.0,84.0,119.33333333333333,0
Beverie Moffet,UK,Almond Choco,2022-05-16,2506.0,100.0,25.06,1
Oby Sorrel,Australia,Raspberry Choco,2022-02-17,1042.9999999999995,120.0,8.691666666666663,1
Dennison Crosswaite,USA,Raspberry Choco,2022-01-18,6524.0,257.0,25.3852140077821,0
Roddy Speechley,Canada,Orange Choco,2022-02-09,8148.0,85.0,95.85882352941177,0
Mallorie Waber,Canada,Orange Choco,2022-03-23,3577.0,178.0,20.09550561797753,1
Madelene Upcott,New Zealand,Caramel Stuffed Bars,2022-02-01,3374.0,151.0,22.344370860927153,1
Mallorie Waber,India,Drinking Coco,2022-03-07,3948.0,142.0,27.802816901408452,1
Ches Bonnell,UK,White Choc,2022-01-03,3269.0,226.0,14.464601769911503,1
Ches Bonnell,USA,White Choc,2022-02-11,5271.0,341.0,15.457478005865102,1
Dennison Crosswaite,New Zealand,Orange Choco,2022-03-16,4571.0,140.0,32.65,1
Dotty Strutley,India,White Choc,2022-08-15,12327.0,330.0,37.35454545454545,0
Gigi Bohling,India,Manuka Honey Choco,2022-05-12,4935.0,73.0,67.6027397260274,1
Dotty Strutley,New Zealand,White Choc,2022-06-15,7014.0,60.0,116.9,0
Rafaelita Blaksland,Canada,Caramel Stuffed Bars,2022-08-01,7119.0,101.0,70.48514851485149,0
Brien Boise,India,After Nines,2022-06-16,5747.0,45.0,127.71111111111111,1
Oby Sorrel,New Zealand,Raspberry Choco,2022-05-13,4550.0,281.0,16.19217081850534,1
Dennison Crosswaite,USA,Drinking Coco,2022-05-10,2191.0,138.0,15.876811594202895,1
Oby Sorrel,India,Eclairs,2022-08-25,5663.0,322.0,17.586956521739133,1
Ches Bonnell,New Zealand,Organic Choco Syrup,2022-07-15,7623.0,85.0,89.68235294117648,0
Gigi Bohling,UK,Baker's Choco Chips,2022-05-16,9023.0,409.0,22.061124694376527,0
Jan Morforth,Australia,50% Dark Bites,2022-06-14,3402.0,182.0,18.692307692307693,1
Brien Boise,Canada,Mint Chip Choco,2022-01-28,5033.0,178.0,28.275280898876403,1
Kaine Padly,UK,Orange Choco,2022-06-29,1960.0,191.0,10.261780104712042,1
Karlen McCaffrey,Australia,70% Dark Bites,2022-06-24,238.0,317.0,0.7507886435331201,1
Gunar Cockshoot,Canada,Mint Chip Choco,2022-07-01,7756.0,410.0,18.917073170731708,0
Roddy Speechley,USA,Peanut Butter Cubes,2022-02-25,1736.0,137.0,12.67153284671533,1
Oby Sorrel,Australia,Milk Bars,2022-06-21,7672.0,254.0,30.20472440944882,0
Gigi Bohling,UK,Milk Bars,2022-05-17,1365.0,232.0,5.883620689655174,1
Andria Kimpton,Australia,85% Dark Bars,2022-08-23,4186.0,233.0,17.965665236051503,1
Camilla Castle,Australia,Smooth Sliky Salty,2022-03-03,7406.0,118.0,62.76271186440678,0
Karlen McCaffrey,USA,Drinking Coco,2022-06-29,112.0,223.0,0.5022421524663585,1
Andria Kimpton,Canada,Organic Choco Syrup,2022-01-04,8204.0,204.0,40.21568627450981,0
Jehu Rudeforth,Australia,Drinking Coco,2022-01-14,2611.0,65.0,40.16923076923077,1
Madelene Upcott,USA,White Choc,2022-05-04,12250.0,213.0,57.51173708920188,0
Barr Faughny,New Zealand,Fruit & Nut Bars,2022-04-26,1687.0,147.0,11.476190476190474,1
Oby Sorrel,Canada,Organic Choco Syrup,2022-07-05,1232.0,74.0,16.64864864864865,1
Madelene Upcott,UK,Organic Choco Syrup,2022-07-21,6965.0,163.0,42.73006134969325,0
Dotty Strutley,USA,Mint Chip Choco,2022-02-21,5292.0,248.0,21.338709677419356,1
Kelci Walkden,USA,Orange Choco,2022-02-03,1379.0,138.0,9.992753623188406,1
Gigi Bohling,Australia,Caramel Stuffed Bars,2022-07-08,8001.0,151.0,52.98675496688742,0
Mallorie Waber,India,50% Dark Bites,2022-05-31,588.0,139.0,4.230215827338128,1
Van Tuxwell,New Zealand,Mint Chip Choco,2022-06-27,4046.0,103.0,39.28155339805825,1
Van Tuxwell,India,50% Dark Bites,2022-05-13,5103.0,129.0,39.55813953488372,1
Van Tuxwell,USA,Manuka Honey Choco,2022-05-31,2317.0,102.0,22.715686274509803,1
Gigi Bohling,USA,After Nines,2022-01-14,1848.0,227.0,8.140969162995596,1
Barr Faughny,New Zealand,Mint Chip Choco,2022-02-21,6440.0,145.0,44.41379310344828,0
Dennison Crosswaite,Canada,85% Dark Bars,2022-08-01,10885.0,90.0,120.94444444444444,0
Beverie Moffet,New Zealand,Smooth Sliky Salty,2022-05-19,2387.0,59.000000000000014,40.45762711864407,1
Husein Augar,USA,White Choc,2022-07-13,2030.0,60.0,33.833333333333336,1
Andria Kimpton,Australia,Peanut Butter Cubes,2022-04-20,6678.0,148.0,45.12162162162162,0
Curtice Advani,UK,50% Dark Bites,2022-03-08,3374.0,142.0,23.760563380281692,1
Gunar Cockshoot,USA,Fruit & Nut Bars,2022-03-09,5852.0,93.0,62.924731182795696,1
Oby Sorrel,Canada,Raspberry Choco,2022-06-16,1750.0,208.0,8.41346153846154,1
Gigi Bohling,UK,Drinking Coco,2022-06-30,5782.0,42.000000000000014,137.66666666666666,1
Kelci Walkden,India,Mint Chip Choco,2022-07-28,2870.0,120.0,23.916666666666668,1
Karlen McCaffrey,Canada,Peanut Butter Cubes,2022-08-12,3094.0,159.0,19.459119496855347,1
Barr Faughny,UK,Mint Chip Choco,2022-07-07,3724.0,316.0,11.784810126582279,1
Husein Augar,Canada,Eclairs,2022-01-17,3696.0,233.0,15.86266094420601,1
Jan Morforth,Australia,70% Dark Bites,2022-03-04,5222.0,384.0,13.598958333333336,1
Ches Bonnell,UK,Peanut Butter Cubes,2022-04-15,2156.0,260.0,8.292307692307695,1
Kaine Padly,USA,Organic Choco Syrup,2022-03-11,2380.0,22.0,108.18181818181819,1
Jehu Rudeforth,New Zealand,After Nines,2022-04-14,1512.0,73.0,20.71232876712329,1
Jehu Rudeforth,USA,Smooth Sliky Salty,2022-07-07,6657.0,154.0,43.22727272727273,0
Madelene Upcott,India,Mint Chip Choco,2022-08-24,3836.0,71.0,54.028169014084504,1
Jehu Rudeforth,India,Eclairs,2022-02-24,8771.0,127.0,69.06299212598425,0
Karlen McCaffrey,Canada,Raspberry Choco,2022-05-09,651.0,224.0,2.90625,1
Kaine Padly,Australia,70% Dark Bites,2022-02-08,6706.0,223.0,30.071748878923767,0
Roddy Speechley,UK,70% Dark Bites,2022-03-24,1421.0,284.0,5.00352112676056,1
Rafaelita Blaksland,USA,Drinking Coco,2022-06-20,8526.0,73.0,116.79452054794521,0
Mallorie Waber,Canada,Manuka Honey Choco,2022-03-07,1435.0,112.0,12.8125,1
Kaine Padly,Australia,Fruit & Nut Bars,2022-06-20,7434.0,85.0,87.45882352941176,0
Oby Sorrel,New Zealand,Organic Choco Syrup,2022-02-17,15316.0,270.0,56.72592592592593,0
Madelene Upcott,Australia,Mint Chip Choco,2022-05-02,2751.0,153.0,17.980392156862745,1
Rafaelita Blaksland,Australia,Baker's Choco Chips,2022-08-22,2786.0,50.999999999999986,54.627450980392155,1
Karlen McCaffrey,Australia,After Nines,2022-08-11,2303.0,67.0,34.37313432835821,1
Marney O'Breen,UK,99% Dark & Pure,2022-01-13,8113.0,194.0,41.81958762886598,0
Gunar Cockshoot,Australia,50% Dark Bites,2022-03-02,12271.0,116.0,105.78448275862068,0
Kelci Walkden,New Zealand,Drinking Coco,2022-03-10,15855.0,111.0,142.83783783783784,0
Beverie Moffet,USA,85% Dark Bars,2022-08-23,12404.0,334.0,37.137724550898206,0
Roddy Speechley,USA,Eclairs,2022-04-25,3990.0,155.0,25.741935483870968,1
Dennison Crosswaite,UK,Milk Bars,2022-03-07,10808.0,407.0,26.555282555282556,0
Wilone O'Kielt,UK,Organic Choco Syrup,2022-07-12,4858.0,52.0,93.42307692307692,1
Madelene Upcott,USA,Orange Choco,2022-05-16,7742.0,138.0,56.10144927536232,0
Gunar Cockshoot,India,Smooth Sliky Salty,2022-03-02,3752.0,70.0,53.6,1
Marney O'Breen,New Zealand,85% Dark Bars,2022-05-30,1218.0000000000005,149.0,8.174496644295303,1
Marney O'Breen,UK,Manuka Honey Choco,2022-06-10,10983.0,179.0,61.357541899441344,0
Brien Boise,USA,99% Dark & Pure,2022-07-25,6769.0,353.0,19.17563739376771,0
Beverie Moffet,New Zealand,Mint Chip Choco,2022-06-09,4361.0,97.0,44.95876288659794,1
Dennison Crosswaite,USA,Milk Bars,2022-05-12,777.0,60.0,12.95,1
Brien Boise,Canada,Manuka Honey Choco,2022-08-09,6930.0,182.0,38.07692307692308,0
Van Tuxwell,India,Choco Coated Almonds,2022-04-13,5733.0,114.0,50.28947368421053,1
Dotty Strutley,USA,99% Dark & Pure,2022-08-09,3822.0,320.0,11.943750000000001,1
Camilla Castle,Australia,Raspberry Choco,2022-08-23,6342.0,178.0,35.62921348314607,0
Gunar Cockshoot,India,Spicy Special Slims,2022-05-13,6510.0,170.0,38.294117647058826,0
Karlen McCaffrey,USA,Manuka Honey Choco,2022-02-01,10171.0,67.0,151.80597014925374,0
Camilla Castle,USA,50% Dark Bites,2022-06-23,5908.0,301.0,19.627906976744182,1
Madelene Upcott,UK,Choco Coated Almonds,2022-05-24,10164.0,134.0,75.85074626865672,0
Jan Morforth,Canada,Mint Chip Choco,2022-04-01,1063.9999999999995,211.0,5.042654028436019,1
Camilla Castle,Canada,70% Dark Bites,2022-07-27,9716.0,151.0,64.34437086092716,0
Jan Morforth,India,Choco Coated Almonds,2022-08-12,2541.0,134.0,18.96268656716418,1
Rafaelita Blaksland,India,After Nines,2022-03-02,4739.0,204.0,23.230392156862745,1
Kelci Walkden,Australia,99% Dark & Pure,2022-06-30,3185.0,34.0,93.67647058823529,1
Dotty Strutley,Australia,Spicy Special Slims,2022-01-17,8225.0,91.0,90.38461538461539,0
Brien Boise,USA,Milk Bars,2022-07-07,14301.0,130.0,110.00769230769231,0
Mallorie Waber,New Zealand,Mint Chip Choco,2022-01-31,1316.0000000000005,107.0,12.299065420560748,1
Beverie Moffet,UK,99% Dark & Pure,2022-08-10,3486.0,121.0,28.8099173553719,1
Beverie Moffet,USA,Peanut Butter Cubes,2022-08-18,13930.0,339.0,41.091445427728615,0
Brien Boise,New Zealand,White Choc,2022-06-15,5509.0,321.0,17.161993769470406,1
Kelci Walkden,USA,Spicy Special Slims,2022-04-29,77.0,69.0,1.1159420289855078,1
Mallorie Waber,Canada,White Choc,2022-03-03,3381.0,72.0,46.958333333333336,1
Kaine Padly,Australia,Almond Choco,2022-02-22,4102.0,392.0,10.464285714285715,1
Oby Sorrel,USA,Smooth Sliky Salty,2022-03-04,3577.0,158.0,22.639240506329113,1
Camilla Castle,New Zealand,Caramel Stuffed Bars,2022-06-17,4137.0,347.0,11.922190201729109,1
Jan Morforth,Canada,Caramel Stuffed Bars,2022-08-02,9541.0,114.0,83.69298245614036,0
Oby Sorrel,USA,Baker's Choco Chips,2022-08-12,8001.0,120.0,66.675,0
Madelene Upcott,New Zealand,Peanut Butter Cubes,2022-01-28,5152.0,333.0,15.471471471471471,1
Kelci Walkden,Australia,Orange Choco,2022-04-29,11116.0,432.0,25.73148148148148,0
Marney O'Breen,Australia,Manuka Honey Choco,2022-04-05,13076.0,236.0,55.40677966101695,0
Kaine Padly,Canada,Manuka Honey Choco,2022-01-18,10213.0,135.0,75.65185185185184,0
Jehu Rudeforth,UK,Baker's Choco Chips,2022-05-16,2485.0,97.0,25.61855670103093,1
Kelci Walkden,Australia,White Choc,2022-08-24,8715.0,168.0,51.875,0
Curtice Advani,India,85% Dark Bars,2022-01-18,273.0,402.0,0.6791044776119435,1
Gunar Cockshoot,UK,99% Dark & Pure,2022-03-07,7.0,84.0,0.0833333333333286,1
Beverie Moffet,UK,Choco Coated Almonds,2022-03-04,3010.0,69.0,43.6231884057971,1
Dotty Strutley,Canada,Manuka Honey Choco,2022-04-22,11550.0,111.0,104.05405405405405,0
Kaine Padly,Australia,Milk Bars,2022-06-09,4046.0,89.0,45.46067415730337,1
Jan Morforth,Canada,Fruit & Nut Bars,2022-07-25,8904.0,199.0,44.743718592964825,0
Jan Morforth,India,Smooth Sliky Salty,2022-08-03,11298.0,89.0,126.9438202247191,0
Rafaelita Blaksland,Australia,Manuka Honey Choco,2022-08-03,4396.0,131.0,33.55725190839695,1
Jehu Rudeforth,UK,Milk Bars,2022-05-03,12068.0,227.0,53.16299559471366,0
Husein Augar,Canada,After Nines,2022-01-19,9772.0,301.0,32.46511627906977,0
Roddy Speechley,USA,50% Dark Bites,2022-02-11,10458.0,316.0,33.09493670886076,0
Van Tuxwell,India,Almond Choco,2022-06-14,6426.0,390.0,16.476923076923075,0
Kelci Walkden,USA,50% Dark Bites,2022-03-23,6188.0,223.0,27.748878923766817,0
Madelene Upcott,Canada,85% Dark Bars,2022-02-17,7504.0,101.0,74.29702970297029,0
Mallorie Waber,Australia,Spicy Special Slims,2022-06-29,5439.0,287.0,18.951219512195124,1
Ches Bonnell,Canada,Choco Coated Almonds,2022-08-24,15547.0,269.0,57.795539033457246,0
Gigi Bohling,Canada,Spicy Special Slims,2022-07-04,11956.0,277.0,43.16245487364621,0
Roddy Speechley,New Zealand,Almond Choco,2022-03-28,2723.0,67.0,40.64179104477612,1
Ches Bonnell,New Zealand,Mint Chip Choco,2022-01-18,9058.0,229.0,39.55458515283843,0
Van Tuxwell,New Zealand,Fruit & Nut Bars,2022-01-17,2996.0,88.0,34.04545454545455,1
Andria Kimpton,New Zealand,Mint Chip Choco,2022-02-15,8848.0,211.0,41.93364928909953,0
Andria Kimpton,UK,Milk Bars,2022-02-11,14336.0,293.0,48.9283276450512,0
Camilla Castle,USA,Manuka Honey Choco,2022-03-21,16401.0,179.0,91.62569832402235,0
Gunar Cockshoot,New Zealand,Almond Choco,2022-01-05,5173.0,129.0,40.10077519379845,1
Brien Boise,India,Raspberry Choco,2022-05-30,6328.0,164.0,38.58536585365854,0
Jehu Rudeforth,USA,99% Dark & Pure,2022-01-04,2534.0,219.0,11.570776255707763,1
Beverie Moffet,Australia,Fruit & Nut Bars,2022-04-22,1435.0,258.0,5.562015503875969,1
Gigi Bohling,Canada,Milk Bars,2022-02-10,3052.0,116.0,26.310344827586206,1
Dotty Strutley,India,Spicy Special Slims,2022-08-12,910.0,204.0,4.46078431372549,1
Gunar Cockshoot,USA,Organic Choco Syrup,2022-08-10,2331.0,321.0,7.261682242990652,1
Kelci Walkden,Australia,Raspberry Choco,2022-06-07,679.0,55.999999999999986,12.125,1
Jehu Rudeforth,India,Baker's Choco Chips,2022-06-06,2086.0,74.0,28.189189189189193,1
Karlen McCaffrey,New Zealand,Baker's Choco Chips,2022-04-05,5012.0,189.0,26.51851851851852,1
Wilone O'Kielt,USA,50% Dark Bites,2022-04-18,4501.0,131.0,34.3587786259542,1
Madelene Upcott,USA,Baker's Choco Chips,2022-08-22,5621.0,140.0,40.15,1
Jehu Rudeforth,Australia,99% Dark & Pure,2022-02-25,10486.0,198.0,52.95959595959596,0
Oby Sorrel,New Zealand,Milk Bars,2022-01-12,4494.0,187.0,24.032085561497325,1
Brien Boise,UK,Almond Choco,2022-05-25,105.0,125.0,0.8400000000000034,1
Rafaelita Blaksland,UK,Eclairs,2022-04-27,1379.0,70.0,19.7,1
Gigi Bohling,USA,Smooth Sliky Salty,2022-07-22,2583.0,126.0,20.5,1
Curtice Advani,New Zealand,Mint Chip Choco,2022-01-26,3220.0,265.0,12.150943396226417,1
Curtice Advani,USA,Mint Chip Choco,2022-08-24,4802.0,296.0,16.222972972972972,1
Karlen McCaffrey,India,85% Dark Bars,2022-03-30,945.0,83.0,11.385542168674696,1
Ches Bonnell,Australia,Caramel Stuffed Bars,2022-01-17,8757.0,162.0,54.05555555555556,0
Kelci Walkden,USA,Fruit & Nut Bars,2022-02-17,4816.0,145.0,33.213793103448275,1
Kelci Walkden,Canada,Peanut Butter Cubes,2022-04-08,7532.0,43.999999999999986,171.1818181818182,0
Gigi Bohling,Canada,Drinking Coco,2022-07-06,3549.0,82.0,43.28048780487805,1
Husein Augar,India,Fruit & Nut Bars,2022-04-04,4340.0,226.0,19.20353982300885,1
Jan Morforth,New Zealand,Organic Choco Syrup,2022-03-02,1799.0,207.0,8.690821256038646,1
Gigi Bohling,New Zealand,Raspberry Choco,2022-08-09,1127.0000000000005,176.0,6.4034090909090935,1
Dennison Crosswaite,Australia,Milk Bars,2022-06-09,10038.0,286.0,35.0979020979021,0
Ches Bonnell,UK,Caramel Stuffed Bars,2022-06-02,2926.0,300.0,9.75333333333333,1
Van Tuxwell,USA,Fruit & Nut Bars,2022-07-05,6279.0,235.0,26.719148936170214,0
Andria Kimpton,Canada,Eclairs,2022-08-11,308.0,125.0,2.4639999999999986,1
Madelene Upcott,India,Choco Coated Almonds,2022-02-11,3500.0,145.0,24.137931034482758,1
Kelci Walkden,New Zealand,Spicy Special Slims,2022-08-11,658.0,65.0,10.123076923076923,1
Roddy Speechley,Australia,Drinking Coco,2022-05-12,12565.0,102.0,123.18627450980392,0
Wilone O'Kielt,USA,Milk Bars,2022-07-15,5012.0,93.0,53.89247311827957,1
Andria Kimpton,India,Organic Choco Syrup,2022-01-18,3955.0,134.0,29.51492537313433,1
Madelene Upcott,UK,Fruit & Nut Bars,2022-01-05,8512.0,189.0,45.03703703703704,0
Curtice Advani,Australia,50% Dark Bites,2022-06-29,504.0,232.0,2.172413793103445,1
Brien Boise,Canada,Raspberry Choco,2022-06-14,2800.0,45.0,62.22222222222222,1
Gunar Cockshoot,India,Mint Chip Choco,2022-08-08,4256.0,67.0,63.52238805970149,1
Dennison Crosswaite,India,Mint Chip Choco,2022-03-23,13573.0,138.0,98.35507246376811,0
Barr Faughny,India,Caramel Stuffed Bars,2022-01-04,6566.0,99.0,66.32323232323232,0
Brien Boise,India,Milk Bars,2022-02-22,13503.0,251.0,53.79681274900398,0
Beverie Moffet,UK,Spicy Special Slims,2022-02-17,8680.0,252.0,34.44444444444444,0
Barr Faughny,USA,Almond Choco,2022-02-03,385.0,78.0,4.935897435897438,1
Van Tuxwell,Canada,Raspberry Choco,2022-03-17,1267.0,130.0,9.746153846153845,1
Wilone O'Kielt,Australia,Baker's Choco Chips,2022-01-25,2961.0,154.0,19.227272727272727,1
Brien Boise,Australia,Milk Bars,2022-07-27,1981.0,52.0,38.09615384615385,1
Husein Augar,Australia,Fruit & Nut Bars,2022-01-28,7959.0,53.0,150.16981132075472,0
Van Tuxwell,India,White Choc,2022-03-15,1897.0,43.999999999999986,43.11363636363637,1
Gunar Cockshoot,Canada,After Nines,2022-08-04,2744.0,200.0,13.719999999999999,1
Jan Morforth,USA,Fruit & Nut Bars,2022-06-27,4382.0,361.0,12.138504155124654,1
Jan Morforth,Canada,After Nines,2022-07-13,4515.0,172.0,26.25,1
Barr Faughny,New Zealand,Manuka Honey Choco,2022-02-24,5474.0,239.0,22.90376569037657,1
Karlen McCaffrey,New Zealand,85% Dark Bars,2022-06-28,6069.0,55.0,110.34545454545454,0
Kaine Padly,India,70% Dark Bites,2022-01-24,12173.0,301.0,40.44186046511628,0
Beverie Moffet,USA,White Choc,2022-03-11,5292.0,134.0,39.492537313432834,1
Ches Bonnell,New Zealand,After Nines,2022-06-23,5705.0,350.0,16.3,1
Husein Augar,India,Spicy Special Slims,2022-08-22,2492.0,33.0,75.51515151515152,1
Gunar Cockshoot,Canada,50% Dark Bites,2022-01-04,3024.0,23.0,131.47826086956522,1
Curtice Advani,India,Milk Bars,2022-04-05,3437.0,201.0,17.09950248756219,1
Beverie Moffet,India,Milk Bars,2022-04-15,1869.0,323.0,5.786377708978328,1
Husein Augar,Australia,White Choc,2022-05-11,3171.0,220.0,14.413636363636364,1
Jan Morforth,New Zealand,Orange Choco,2022-02-11,1225.0,84.0,14.583333333333336,1
Andria Kimpton,Canada,Smooth Sliky Salty,2022-07-08,1155.0,79.0,14.620253164556964,1
Gunar Cockshoot,UK,Raspberry Choco,2022-08-11,6811.0,344.0,19.799418604651166,0
Andria Kimpton,New Zealand,Orange Choco,2022-06-14,8169.0,88.0,92.82954545454545,0
Dennison Crosswaite,UK,Baker's Choco Chips,2022-01-17,2275.0,275.0,8.272727272727273,1
Jehu Rudeforth,UK,Smooth Sliky Salty,2022-08-24,1463.0,113.0,12.946902654867255,1
Andria Kimpton,UK,Caramel Stuffed Bars,2022-06-07,7924.0,275.0,28.814545454545456,0
Dotty Strutley,USA,Fruit & Nut Bars,2022-07-13,2898.0,276.0,10.5,1
Kelci Walkden,UK,Choco Coated Almonds,2022-05-24,9506.0,212.0,44.839622641509436,0
Gunar Cockshoot,New Zealand,After Nines,2022-08-09,7175.0,145.0,49.48275862068966,0
Kaine Padly,Canada,85% Dark Bars,2022-04-06,1729.0,31.0,55.774193548387096,1
Jan Morforth,New Zealand,Manuka Honey Choco,2022-07-28,1589.0,271.0,5.863468634686349,1
Gunar Cockshoot,New Zealand,Raspberry Choco,2022-08-24,630.0,52.0,12.115384615384613,1
Van Tuxwell,Australia,99% Dark & Pure,2022-01-17,112.0,128.0,0.875,1
Curtice Advani,USA,Drinking Coco,2022-02-07,5187.0,142.0,36.528169014084504,1
Brien Boise,Australia,Spicy Special Slims,2022-05-09,6223.0,256.0,24.30859375,0
Mallorie Waber,New Zealand,85% Dark Bars,2022-06-06,7714.0,106.0,72.77358490566037,0
Beverie Moffet,New Zealand,Organic Choco Syrup,2022-05-24,6678.0,226.0,29.548672566371682,0
Gunar Cockshoot,UK,50% Dark Bites,2022-01-13,2107.0,121.0,17.413223140495866,1
Marney O'Breen,USA,Raspberry Choco,2022-05-23,6069.0,151.0,40.19205298013245,0
Jehu Rudeforth,UK,White Choc,2022-06-29,1862.0,284.0,6.556338028169016,1
Jehu Rudeforth,New Zealand,85% Dark Bars,2022-03-11,6972.0,89.0,78.33707865168539,0
Rafaelita Blaksland,Australia,Smooth Sliky Salty,2022-05-30,3969.0,243.0,16.333333333333332,1
Curtice Advani,India,Manuka Honey Choco,2022-05-23,1547.0,170.0,9.100000000000001,1
Mallorie Waber,USA,Peanut Butter Cubes,2022-05-23,1162.0000000000005,18.0,64.55555555555556,1
Van Tuxwell,Canada,Peanut Butter Cubes,2022-06-24,6342.0,282.0,22.489361702127663,0
Kelci Walkden,New Zealand,Smooth Sliky Salty,2022-03-11,10633.0,277.0,38.38628158844765,0
Rafaelita Blaksland,USA,Smooth Sliky Salty,2022-07-27,15057.0,212.0,71.02358490566037,0
Rafaelita Blaksland,USA,White Choc,2022-08-16,4704.0,126.0,37.333333333333336,1
Ches Bonnell,USA,Choco Coated Almonds,2022-01-04,14525.0,92.0,157.8804347826087,0
Marney O'Breen,Australia,Baker's Choco Chips,2022-01-13,5810.0,101.0,57.524752475247524,1
Wilone O'Kielt,New Zealand,Fruit & Nut Bars,2022-07-11,6426.0,98.0,65.57142857142857,0
Kaine Padly,Australia,Mint Chip Choco,2022-05-17,4403.0,159.0,27.69182389937107,1
Camilla Castle,New Zealand,Peanut Butter Cubes,2022-07-21,1582.0,62.0,25.516129032258064,1
Curtice Advani,Canada,Organic Choco Syrup,2022-02-22,791.0,22.0,35.95454545454545,1
Jan Morforth,India,99% Dark & Pure,2022-05-23,9100.0,187.0,48.663101604278076,0
Rafaelita Blaksland,Canada,Drinking Coco,2022-07-12,9884.0,200.0,49.42,0
Jan Morforth,UK,Orange Choco,2022-06-15,3780.0,201.0,18.80597014925373,1
Barr Faughny,New Zealand,50% Dark Bites,2022-06-23,4557.0,308.0,14.795454545454547,1
Curtice Advani,Australia,Eclairs,2022-03-25,5796.0,55.0,105.38181818181818,1
Jan Morforth,India,Caramel Stuffed Bars,2022-07-04,84.0,153.0,0.5490196078431353,1
Andria Kimpton,UK,White Choc,2022-05-12,9037.0,101.0,89.47524752475248,0
Camilla Castle,New Zealand,Raspberry Choco,2022-04-04,4746.0,137.0,34.64233576642336,1
Madelene Upcott,Australia,Orange Choco,2022-04-15,6713.0,398.0,16.86683417085427,0
Roddy Speechley,Canada,Eclairs,2022-03-08,6237.0,88.0,70.875,0
Karlen McCaffrey,India,White Choc,2022-01-17,7483.0,232.0,32.25431034482759,0
Wilone O'Kielt,India,Mint Chip Choco,2022-08-22,1308.9999999999995,50.999999999999986,25.666666666666668,1
Andria Kimpton,UK,99% Dark & Pure,2022-07-25,1155.0,66.00000000000001,17.499999999999996,1
Marney O'Breen,UK,50% Dark Bites,2022-06-14,2989.0,124.0,24.10483870967742,1
Ches Bonnell,India,Choco Coated Almonds,2022-04-05,9625.0,78.0,123.3974358974359,0
Madelene Upcott,UK,Raspberry Choco,2022-08-26,7357.0,341.0,21.574780058651026,0
Wilone O'Kielt,Australia,50% Dark Bites,2022-08-03,10031.0,114.0,87.99122807017544,0
Wilone O'Kielt,New Zealand,Eclairs,2022-03-11,3311.0,22.0,150.5,1
Roddy Speechley,UK,Baker's Choco Chips,2022-04-04,14028.0,351.0,39.965811965811966,0
Marney O'Breen,New Zealand,Organic Choco Syrup,2022-07-08,8624.0,50.0,172.48,0
Jan Morforth,UK,Organic Choco Syrup,2022-04-12,1196.9999999999995,356.0,3.3623595505617985,1
Rafaelita Blaksland,Canada,Fruit & Nut Bars,2022-08-24,483.0,185.0,2.6108108108108112,1
Ches Bonnell,UK,Choco Coated Almonds,2022-06-07,1687.0,236.0,7.148305084745765,1
Gunar Cockshoot,Canada,Almond Choco,2022-07-28,1308.9999999999995,30.0,43.63333333333333,1
Husein Augar,USA,99% Dark & Pure,2022-02-21,9534.0,111.0,85.89189189189187,0
Dennison Crosswaite,Canada,Mint Chip Choco,2022-04-08,1694.0,289.0,5.86159169550173,1
Brien Boise,UK,Manuka Honey Choco,2022-06-28,70.0,103.0,0.6796116504854339,1
Van Tuxwell,UK,Baker's Choco Chips,2022-03-24,2443.0,20.0,122.15000000000002,1
Barr Faughny,Australia,Caramel Stuffed Bars,2022-07-29,2933.0,55.0,53.32727272727273,1
Dennison Crosswaite,USA,Eclairs,2022-05-25,2044.0,90.0,22.711111111111112,1
Gigi Bohling,Australia,Raspberry Choco,2022-03-30,6524.0,303.0,21.53135313531353,0
Dennison Crosswaite,USA,Organic Choco Syrup,2022-07-18,12656.0,126.0,100.44444444444444,0
Beverie Moffet,Canada,Orange Choco,2022-05-10,8722.0,109.0,80.01834862385323,0
Mallorie Waber,Australia,Choco Coated Almonds,2022-03-18,15750.0,92.0,171.19565217391303,0
Ches Bonnell,India,Caramel Stuffed Bars,2022-06-15,6839.0,55.999999999999986,122.125,0
Kelci Walkden,New Zealand,Baker's Choco Chips,2022-06-23,2912.0,110.0,26.472727272727273,1
Beverie Moffet,India,Spicy Special Slims,2022-04-21,3339.0,171.0,19.526315789473685,1
Gigi Bohling,Australia,Almond Choco,2022-08-17,910.0,117.0,7.777777777777779,1
Kelci Walkden,Canada,Smooth Sliky Salty,2022-03-17,8099.0,118.0,68.63559322033899,0
Jan Morforth,India,Baker's Choco Chips,2022-08-01,13727.0,79.0,173.7594936708861,0
Gigi Bohling,Canada,Fruit & Nut Bars,2022-06-14,5782.0,103.0,56.13592233009709,1
Beverie Moffet,UK,Eclairs,2022-04-22,8463.0,155.0,54.6,0
Marney O'Breen,New Zealand,Eclairs,2022-01-18,4914.0,31.0,158.51612903225808,1
Husein Augar,Australia,99% Dark & Pure,2022-08-26,3087.0,128.0,24.1171875,1
Gunar Cockshoot,New Zealand,Fruit & Nut Bars,2022-06-10,9205.0,419.0,21.968973747016708,0
Kelci Walkden,New Zealand,Manuka Honey Choco,2022-04-08,1358.0,106.0,12.81132075471698,1
Dotty Strutley,Australia,Baker's Choco Chips,2022-06-07,3605.0,68.0,53.01470588235294,1
Beverie Moffet,Australia,50% Dark Bites,2022-05-16,700.0,457.0,1.5317286652078792,1
Van Tuxwell,Australia,50% Dark Bites,2022-07-13,644.0,137.0,4.700729927007302,1
Oby Sorrel,USA,Manuka Honey Choco,2022-07-25,4340.0,86.0,50.46511627906977,1
Van Tuxwell,Canada,Choco Coated Almonds,2022-08-19,2282.0,296.0,7.70945945945946,1
Kelci Walkden,Canada,Fruit & Nut Bars,2022-06-20,826.0,149.0,5.543624161073822,1
Camilla Castle,India,99% Dark & Pure,2022-08-02,203.0,207.0,0.980676328502426,1
Madelene Upcott,New Zealand,70% Dark Bites,2022-02-22,13356.0,93.0,143.61290322580646,0
Jan Morforth,Canada,70% Dark Bites,2022-02-14,5894.0,305.0,19.324590163934428,1
Kelci Walkden,Australia,Milk Bars,2022-02-24,7910.0,125.0,63.28,0
Dennison Crosswaite,India,Orange Choco,2022-03-18,784.0,129.0,6.077519379844958,1
Husein Augar,UK,Eclairs,2022-08-30,1750.0,252.0,6.944444444444443,1
Gigi Bohling,USA,Peanut Butter Cubes,2022-05-09,280.0,75.0,3.7333333333333343,1
Wilone O'Kielt,USA,Smooth Sliky Salty,2022-01-18,504.0,87.0,5.793103448275865,1
Curtice Advani,India,White Choc,2022-07-04,7154.0,342.0,20.91812865497076,0
Oby Sorrel,New Zealand,Spicy Special Slims,2022-06-03,1617.0,13.0,124.38461538461539,1
Dotty Strutley,New Zealand,99% Dark & Pure,2022-05-09,10724.0,203.0,52.827586206896555,0
Kelci Walkden,India,70% Dark Bites,2022-06-06,3640.0,106.0,34.339622641509436,1
Kelci Walkden,India,Drinking Coco,2022-07-04,7532.0,234.0,32.18803418803419,0
Brien Boise,New Zealand,Drinking Coco,2022-06-06,1582.0,100.0,15.82,1
Dotty Strutley,Australia,Almond Choco,2022-05-13,1456.0,91.0,16.0,1
Wilone O'Kielt,New Zealand,Organic Choco Syrup,2022-01-31,2016.0,277.0,7.2779783393501845,1
Barr Faughny,Canada,Manuka Honey Choco,2022-08-25,3402.0,249.0,13.662650602409638,1
Gigi Bohling,New Zealand,Smooth Sliky Salty,2022-01-10,700.0,97.0,7.2164948453608275,1
Roddy Speechley,New Zealand,85% Dark Bars,2022-04-14,4844.0,275.0,17.614545454545453,1
Oby Sorrel,UK,Smooth Sliky Salty,2022-05-31,9625.0,313.0,30.750798722044728,0
Oby Sorrel,UK,Raspberry Choco,2022-04-08,4599.0,323.0,14.238390092879257,1
Roddy Speechley,USA,Drinking Coco,2022-02-21,3003.0,155.0,19.374193548387098,1
Andria Kimpton,Australia,Manuka Honey Choco,2022-03-30,9744.0,377.0,25.846153846153847,0
Jehu Rudeforth,USA,Orange Choco,2022-07-28,364.0,170.0,2.141176470588235,1
Curtice Advani,Australia,After Nines,2022-08-11,63.0,105.0,0.6000000000000014,1
Husein Augar,UK,Almond Choco,2022-05-17,8309.0,166.0,50.05421686746988,0
Kaine Padly,Canada,Choco Coated Almonds,2022-05-18,3164.0,164.0,19.29268292682927,1
Roddy Speechley,UK,Peanut Butter Cubes,2022-08-17,5691.0,171.0,33.280701754385966,1
Ches Bonnell,New Zealand,Eclairs,2022-04-04,490.0,49.000000000000014,10.0,1
Brien Boise,New Zealand,Organic Choco Syrup,2022-01-17,637.0,313.0,2.0351437699680517,1
Andria Kimpton,Canada,White Choc,2022-02-14,4067.0,29.0,140.24137931034483,1
Gigi Bohling,New Zealand,Orange Choco,2022-05-16,8204.0,307.0,26.72312703583062,0
Ches Bonnell,Canada,Smooth Sliky Salty,2022-03-16,9870.0,121.0,81.5702479338843,0
Husein Augar,Canada,70% Dark Bites,2022-01-31,5131.0,285.0,18.003508771929823,1
Barr Faughny,Canada,Organic Choco Syrup,2022-03-10,1140.9999999999995,205.0,5.565853658536582,1
Oby Sorrel,UK,Organic Choco Syrup,2022-06-30,7980.0,157.0,50.82802547770701,0
Van Tuxwell,New Zealand,Eclairs,2022-03-01,5229.0,182.0,28.73076923076923,1
Mallorie Waber,UK,Drinking Coco,2022-05-27,3423.0,100.0,34.23,1
Oby Sorrel,UK,Milk Bars,2022-07-11,6468.0,223.0,29.004484304932735,0
Karlen McCaffrey,New Zealand,Mint Chip Choco,2022-03-02,4326.0,61.000000000000014,70.91803278688525,1
Jehu Rudeforth,USA,Raspberry Choco,2022-03-04,7154.0,133.0,53.78947368421053,0
Kelci Walkden,UK,85% Dark Bars,2022-06-23,3997.0,228.0,17.530701754385966,1
Kelci Walkden,USA,Almond Choco,2022-01-27,5180.0,233.0,22.23175965665236,1
Marney O'Breen,Canada,Orange Choco,2022-01-14,2723.0,425.0,6.407058823529411,1
Dennison Crosswaite,India,Fruit & Nut Bars,2022-07-29,952.0,24.0,39.666666666666664,1
Barr Faughny,Canada,Baker's Choco Chips,2022-02-03,10969.0,170.0,64.52352941176471,0
Jan Morforth,Australia,Drinking Coco,2022-02-18,2821.0,24.0,117.54166666666667,1
Brien Boise,India,Spicy Special Slims,2022-01-28,1302.0,33.0,39.45454545454545,1
Van Tuxwell,UK,Eclairs,2022-06-29,5474.0,109.0,50.22018348623853,1
Wilone O'Kielt,India,Caramel Stuffed Bars,2022-01-13,4179.0,276.0,15.14130434782609,1
Jehu Rudeforth,UK,After Nines,2022-06-27,1946.0,164.0,11.865853658536587,1
Gunar Cockshoot,India,Organic Choco Syrup,2022-06-03,7196.0,160.0,44.975,0
Mallorie Waber,Canada,Smooth Sliky Salty,2022-03-21,1939.0,98.0,19.785714285714285,1
Rafaelita Blaksland,Australia,Raspberry Choco,2022-01-19,6916.0,259.0,26.7027027027027,0
Karlen McCaffrey,UK,50% Dark Bites,2022-04-06,3647.0,310.0,11.764516129032259,1
Kaine Padly,Australia,50% Dark Bites,2022-08-02,8995.0,78.0,115.32051282051282,0
Gigi Bohling,Australia,Eclairs,2022-04-12,7252.0,136.0,53.3235294117647,0
Oby Sorrel,India,Drinking Coco,2022-07-21,16380.0,130.0,126.0,0
Andria Kimpton,Australia,Baker's Choco Chips,2022-08-09,329.0,109.0,3.018348623853214,1
Madelene Upcott,Canada,Choco Coated Almonds,2022-07-20,3458.0,294.0,11.761904761904763,1
Brien Boise,India,70% Dark Bites,2022-04-14,4641.0,413.0,11.237288135593218,1
Jehu Rudeforth,Canada,White Choc,2022-01-25,4627.0,136.0,34.02205882352941,1
Andria Kimpton,Australia,Almond Choco,2022-04-25,3192.0,175.0,18.24,1
Dotty Strutley,Canada,After Nines,2022-01-17,252.0,237.0,1.063291139240505,1
Karlen McCaffrey,USA,Eclairs,2022-08-15,868.0,125.0,6.944000000000003,1
Karlen McCaffrey,Canada,Fruit & Nut Bars,2022-06-02,210.0,16.0,13.125,1
Gunar Cockshoot,USA,85% Dark Bars,2022-06-30,7007.0,135.0,51.903703703703705,0
Dotty Strutley,New Zealand,Raspberry Choco,2022-02-10,5845.0,91.0,64.23076923076923,1
Dennison Crosswaite,India,Organic Choco Syrup,2022-01-27,8428.0,216.0,39.01851851851852,0
Camilla Castle,UK,Mint Chip Choco,2022-05-26,4977.0,317.0,15.70031545741325,1
Brien Boise,USA,70% Dark Bites,2022-04-14,1694.0,21.0,80.66666666666667,1
Madelene Upcott,Australia,99% Dark & Pure,2022-08-01,4326.0,154.0,28.09090909090909,1
Mallorie Waber,Australia,Eclairs,2022-08-22,9527.0,222.0,42.914414414414416,0
Marney O'Breen,India,99% Dark & Pure,2022-07-22,10766.0,157.0,68.5732484076433,0
Husein Augar,USA,Fruit & Nut Bars,2022-04-28,1288.0,27.0,47.7037037037037,1
Kelci Walkden,Australia,Almond Choco,2022-05-30,4879.0,350.0,13.939999999999998,1
Ches Bonnell,USA,Milk Bars,2022-07-21,2408.0,157.0,15.337579617834393,1
Brien Boise,New Zealand,70% Dark Bites,2022-06-15,7231.0,130.0,55.62307692307692,0
Oby Sorrel,India,85% Dark Bars,2022-07-05,8981.0,130.0,69.08461538461539,0
Gigi Bohling,Australia,70% Dark Bites,2022-08-18,1372.0000000000005,105.0,13.066666666666666,1
Jan Morforth,UK,50% Dark Bites,2022-01-12,5250.0,293.0,17.918088737201366,1
Jehu Rudeforth,Australia,Spicy Special Slims,2022-01-13,5012.0,384.0,13.052083333333336,1
Husein Augar,UK,Baker's Choco Chips,2022-04-29,3038.0,135.0,22.503703703703703,1
Rafaelita Blaksland,New Zealand,After Nines,2022-07-07,1099.0,92.0,11.945652173913043,1
Madelene Upcott,UK,70% Dark Bites,2022-02-16,5397.0,239.0,22.581589958158997,1
Barr Faughny,Australia,Organic Choco Syrup,2022-01-07,2303.0,33.0,69.78787878787878,1
Beverie Moffet,India,Eclairs,2022-06-09,10325.0,147.0,70.23809523809524,0
Andria Kimpton,India,Eclairs,2022-05-16,2149.0,84.0,25.583333333333332,1
Gigi Bohling,UK,85% Dark Bars,2022-06-23,12362.0,94.0,131.51063829787233,0
Roddy Speechley,UK,Raspberry Choco,2022-01-28,12635.0,194.0,65.12886597938144,0
Dotty Strutley,UK,Mint Chip Choco,2022-07-14,2443.0,216.0,11.31018518518518,1
Barr Faughny,Canada,Drinking Coco,2022-04-18,6237.0,247.0,25.251012145748987,0
Oby Sorrel,USA,Milk Bars,2022-06-14,1736.0,79.0,21.974683544303794,1
Oby Sorrel,UK,Orange Choco,2022-04-15,7315.0,237.0,30.864978902953588,0
Curtice Advani,Canada,Peanut Butter Cubes,2022-05-19,4935.0,62.999999999999986,78.33333333333333,1
Gigi Bohling,India,White Choc,2022-04-13,1393.0000000000005,172.0,8.098837209302324,1
Husein Augar,Canada,Choco Coated Almonds,2022-08-15,3381.0,408.0,8.286764705882355,1
Wilone O'Kielt,India,Choco Coated Almonds,2022-08-22,2933.0,233.0,12.587982832618025,1
Wilone O'Kielt,New Zealand,Baker's Choco Chips,2022-04-22,3836.0,59.000000000000014,65.01694915254237,1
Kaine Padly,UK,Choco Coated Almonds,2022-08-03,8022.0,123.0,65.21951219512195,0
Dennison Crosswaite,New Zealand,Organic Choco Syrup,2022-01-04,371.0,229.0,1.6200873362445378,1
Husein Augar,New Zealand,Peanut Butter Cubes,2022-02-16,2058.0,236.0,8.720338983050851,1
Kaine Padly,UK,Caramel Stuffed Bars,2022-05-20,10192.0,67.0,152.11940298507466,0
Jehu Rudeforth,UK,Drinking Coco,2022-02-03,7140.0,438.0,16.301369863013697,0
Beverie Moffet,India,Manuka Honey Choco,2022-05-06,9835.0,167.0,58.89221556886228,0
Gunar Cockshoot,UK,Choco Coated Almonds,2022-06-30,5775.0,135.0,42.77777777777778,1
Gunar Cockshoot,UK,Smooth Sliky Salty,2022-03-22,749.0,148.0,5.060810810810807,1
Camilla Castle,Canada,Orange Choco,2022-02-17,7770.0,54.000000000000014,143.88888888888889,0
Jehu Rudeforth,UK,85% Dark Bars,2022-07-07,5502.0,64.0,85.96875,1
Oby Sorrel,UK,70% Dark Bites,2022-03-16,6223.0,181.0,34.38121546961326,0
Kelci Walkden,UK,99% Dark & Pure,2022-08-12,3507.0,114.0,30.763157894736842,1
Gigi Bohling,New Zealand,After Nines,2022-01-21,5600.0,181.0,30.939226519337016,1
Oby Sorrel,Australia,50% Dark Bites,2022-05-06,721.0,151.0,4.774834437086092,1
Oby Sorrel,Canada,50% Dark Bites,2022-06-24,6615.0,137.0,48.284671532846716,0
Barr Faughny,USA,White Choc,2022-05-05,7420.0,163.0,45.52147239263804,0
Rafaelita Blaksland,New Zealand,99% Dark & Pure,2022-03-25,3164.0,84.0,37.666666666666664,1
Curtice Advani,Australia,Caramel Stuffed Bars,2022-02-14,9114.0,140.0,65.1,0
Curtice Advani,New Zealand,85% Dark Bars,2022-05-12,5404.0,187.0,28.898395721925134,1
Barr Faughny,New Zealand,Smooth Sliky Salty,2022-01-25,3990.0,169.0,23.609467455621303,1
Dennison Crosswaite,Australia,Drinking Coco,2022-07-13,7091.0,194.0,36.55154639175258,0
Roddy Speechley,USA,Milk Bars,2022-05-16,2807.0,252.0,11.13888888888889,1
Jan Morforth,India,After Nines,2022-03-14,6496.0,168.0,38.666666666666664,0
Gunar Cockshoot,USA,After Nines,2022-08-15,3738.0,261.0,14.321839080459768,1
Ches Bonnell,India,Orange Choco,2022-02-16,1190.0,256.0,4.6484375,1
Barr Faughny,Australia,Raspberry Choco,2022-05-27,9268.0,100.0,92.68,0
Wilone O'Kielt,USA,Drinking Coco,2022-06-14,1029.0000000000005,98.0,10.5,1
Wilone O'Kielt,India,Eclairs,2022-02-25,3549.0,76.0,46.69736842105263,1
Wilone O'Kielt,India,After Nines,2022-08-04,12026.0,262.0,45.900763358778626,0
Kelci Walkden,India,99% Dark & Pure,2022-06-28,2303.0,244.0,9.438524590163937,1
Madelene Upcott,Canada,Peanut Butter Cubes,2022-07-05,14763.0,113.0,130.64601769911505,0
Ches Bonnell,New Zealand,Drinking Coco,2022-02-16,8302.0,131.0,63.37404580152672,0
Curtice Advani,UK,Drinking Coco,2022-07-12,455.0,174.0,2.6149425287356323,1
Kelci Walkden,India,Raspberry Choco,2022-06-16,8183.0,254.0,32.21653543307087,0
Dotty Strutley,Australia,Choco Coated Almonds,2022-04-13,1645.0,284.0,5.79225352112676,1
Kaine Padly,UK,50% Dark Bites,2022-02-21,3143.0,67.0,46.91044776119403,1
Roddy Speechley,Canada,Choco Coated Almonds,2022-05-11,5873.0,249.0,23.586345381526105,1
Ches Bonnell,India,50% Dark Bites,2022-04-15,11298.0,313.0,36.09584664536741,0
Oby Sorrel,Canada,Peanut Butter Cubes,2022-06-07,12425.0,167.0,74.40119760479043,0
Oby Sorrel,UK,White Choc,2022-06-27,1715.0,286.0,5.996503496503493,1
Barr Faughny,India,After Nines,2022-07-29,8190.0,109.0,75.13761467889908,0
Wilone O'Kielt,Canada,Smooth Sliky Salty,2022-06-02,4991.0,166.0,30.066265060240966,1
Rafaelita Blaksland,Canada,99% Dark & Pure,2022-03-02,5096.0,142.0,35.88732394366197,1
Van Tuxwell,Australia,70% Dark Bites,2022-01-10,7063.0,104.0,67.91346153846153,0
Beverie Moffet,USA,70% Dark Bites,2022-06-27,2275.0,115.0,19.782608695652176,1
Roddy Speechley,Australia,85% Dark Bars,2022-07-08,4200.0,80.0,52.5,1
Oby Sorrel,India,Spicy Special Slims,2022-06-08,11137.0,88.0,126.55681818181817,0
Jan Morforth,UK,Manuka Honey Choco,2022-08-18,3388.0,212.0,15.981132075471699,1
Kaine Padly,Australia,After Nines,2022-04-08,6832.0,306.0,22.326797385620914,0
Wilone O'Kielt,Canada,Fruit & Nut Bars,2022-08-08,3437.0,181.0,18.988950276243095,1
Wilone O'Kielt,UK,Milk Bars,2022-08-26,301.0,65.0,4.630769230769232,1
Oby Sorrel,Canada,Fruit & Nut Bars,2022-01-14,1869.0,158.0,11.829113924050631,1
Karlen McCaffrey,Canada,Caramel Stuffed Bars,2022-03-02,3346.0,304.0,11.006578947368421,1
Madelene Upcott,Australia,Raspberry Choco,2022-07-13,6321.0,88.0,71.82954545454545,0
Rafaelita Blaksland,UK,Spicy Special Slims,2022-08-03,9345.0,133.0,70.26315789473684,0
Curtice Advani,UK,Peanut Butter Cubes,2022-03-01,15008.0,165.0,90.95757575757575,0
Kelci Walkden,New Zealand,White Choc,2022-04-13,7609.0,150.0,50.72666666666667,0
Beverie Moffet,Canada,Fruit & Nut Bars,2022-02-14,10332.0,180.0,57.4,0
Mallorie Waber,India,White Choc,2022-07-26,819.0,213.0,3.8450704225352084,1
Brien Boise,UK,Drinking Coco,2022-01-27,5754.0,133.0,43.26315789473684,1
Jehu Rudeforth,India,Peanut Butter Cubes,2022-04-14,28.0,446.0,0.06278026905829392,1
Oby Sorrel,USA,Almond Choco,2022-05-19,6440.0,141.0,45.673758865248224,0
Husein Augar,India,Eclairs,2022-02-09,4956.0,58.0,85.44827586206897,1
Brien Boise,UK,Spicy Special Slims,2022-05-25,2352.0,58.0,40.55172413793103,1
Oby Sorrel,Australia,Manuka Honey Choco,2022-01-26,3906.0,76.0,51.39473684210526,1
Beverie Moffet,India,White Choc,2022-07-04,1813.0,296.0,6.125,1
Ches Bonnell,India,Almond Choco,2022-04-13,11788.0,73.0,161.4794520547945,0
Gigi Bohling,Australia,Smooth Sliky Salty,2022-01-25,5768.0,119.0,48.470588235294116,1
Camilla Castle,USA,85% Dark Bars,2022-04-25,2401.0,78.0,30.78205128205128,1
Camilla Castle,USA,Eclairs,2022-06-10,4515.0,392.0,11.517857142857142,1
Van Tuxwell,India,After Nines,2022-06-27,13706.0,207.0,66.21256038647343,0
Husein Augar,India,Orange Choco,2022-06-30,4361.0,40.0,109.025,1
Jehu Rudeforth,India,Almond Choco,2022-08-30,10122.0,100.0,101.22,0
Karlen McCaffrey,Australia,Raspberry Choco,2022-08-23,994.0,57.0,17.43859649122807,1
Camilla Castle,New Zealand,99% Dark & Pure,2022-08-26,2268.0,42.000000000000014,54.0,1
Gigi Bohling,Australia,Orange Choco,2022-03-09,574.0,156.0,3.6794871794871824,1
Kelci Walkden,UK,Drinking Coco,2022-04-20,1792.0,23.0,77.91304347826087,1
Husein Augar,Australia,Organic Choco Syrup,2022-02-08,938.0,158.0,5.936708860759495,1
Dotty Strutley,India,Peanut Butter Cubes,2022-02-16,9107.0,73.0,124.75342465753425,0
Gigi Bohling,New Zealand,50% Dark Bites,2022-06-29,5670.0,64.0,88.59375,1
Gigi Bohling,USA,Milk Bars,2022-06-16,476.0,133.0,3.578947368421055,1
Brien Boise,UK,Caramel Stuffed Bars,2022-03-04,2681.0,149.0,17.993288590604024,1
Curtice Advani,New Zealand,Peanut Butter Cubes,2022-03-15,1533.0,434.0,3.532258064516128,1
Curtice Advani,New Zealand,50% Dark Bites,2022-01-27,9765.0,85.0,114.88235294117646,0
Beverie Moffet,Canada,Drinking Coco,2022-07-05,994.0,118.0,8.423728813559322,1
Barr Faughny,USA,Caramel Stuffed Bars,2022-03-29,3318.0,299.0,11.096989966555185,1
Mallorie Waber,Canada,Almond Choco,2022-05-12,4214.0,35.0,120.4,1
Oby Sorrel,USA,Drinking Coco,2022-03-11,7714.0,43.999999999999986,175.3181818181818,0
Brien Boise,New Zealand,Eclairs,2022-07-11,4690.0,299.0,15.68561872909699,1
Gunar Cockshoot,UK,Spicy Special Slims,2022-02-16,12488.0,200.0,62.44,0
Curtice Advani,USA,After Nines,2022-04-13,14147.0,235.0,60.2,0
Oby Sorrel,India,Choco Coated Almonds,2022-02-14,49.0,363.0,0.13498622589531806,1
Ches Bonnell,Australia,Peanut Butter Cubes,2022-03-14,10199.0,68.0,149.98529411764707,0
Jehu Rudeforth,Canada,Manuka Honey Choco,2022-04-05,3584.0,200.0,17.920000000000005,1
Camilla Castle,Canada,Drinking Coco,2022-03-03,12481.0,264.0,47.27651515151515,0
Kaine Padly,USA,Spicy Special Slims,2022-06-13,2107.0,175.0,12.04,1
Marney O'Breen,New Zealand,70% Dark Bites,2022-02-14,8603.0,352.0,24.44034090909091,0
Roddy Speechley,New Zealand,99% Dark & Pure,2022-04-18,7483.0,183.0,40.89071038251366,0
Oby Sorrel,New Zealand,85% Dark Bars,2022-02-01,3381.0,417.0,8.10791366906475,1
Dotty Strutley,New Zealand,Orange Choco,2022-08-04,2030.0,146.0,13.904109589041095,1
Andria Kimpton,New Zealand,Almond Choco,2022-04-05,6559.0,158.0,41.5126582278481,0
Karlen McCaffrey,Australia,99% Dark & Pure,2022-01-26,10822.0,168.0,64.41666666666667,0
Kaine Padly,Canada,After Nines,2022-08-22,5845.0,172.0,33.98255813953488,1
Kaine Padly,UK,Drinking Coco,2022-01-27,2317.0,224.0,10.34375,1
Rafaelita Blaksland,UK,50% Dark Bites,2022-02-16,10150.0,68.0,149.26470588235293,0
Dotty Strutley,USA,Raspberry Choco,2022-01-03,3437.0,46.0,74.71739130434783,1
Oby Sorrel,USA,Spicy Special Slims,2022-02-07,5691.0,417.0,13.647482014388487,1
Mallorie Waber,Australia,Smooth Sliky Salty,2022-02-11,4158.0,109.0,38.14678899082569,1
Kaine Padly,Canada,Organic Choco Syrup,2022-03-29,5684.0,81.0,70.17283950617283,1
Marney O'Breen,USA,Peanut Butter Cubes,2022-06-15,693.0,350.0,1.9799999999999969,1
Dennison Crosswaite,UK,Smooth Sliky Salty,2022-04-26,546.0,142.0,3.8450704225352084,1
Brien Boise,Australia,Organic Choco Syrup,2022-07-15,4263.0,264.0,16.147727272727273,1
Beverie Moffet,India,Organic Choco Syrup,2022-06-23,1036.0,20.0,51.8,1
Dennison Crosswaite,Australia,Baker's Choco Chips,2022-01-11,13846.0,421.0,32.888361045130644,0
Beverie Moffet,UK,50% Dark Bites,2022-02-09,2499.0,271.0,9.221402214022142,1
Van Tuxwell,UK,Almond Choco,2022-06-06,10689.0,204.0,52.39705882352941,0
Dotty Strutley,UK,Caramel Stuffed Bars,2022-08-10,5768.0,235.0,24.54468085106383,1
Wilone O'Kielt,Australia,Smooth Sliky Salty,2022-01-04,2226.0,46.0,48.391304347826086,1
Barr Faughny,UK,Milk Bars,2022-03-02,3864.0,430.0,8.986046511627904,1
Jehu Rudeforth,Australia,After Nines,2022-02-14,5250.0,47.0,111.70212765957447,1
Husein Augar,UK,After Nines,2022-07-05,3507.0,380.0,9.228947368421053,1
Barr Faughny,India,Mint Chip Choco,2022-01-12,7413.0,465.0,15.941935483870964,0
Curtice Advani,India,Mint Chip Choco,2022-03-03,8155.0,96.0,84.94791666666667,0
Jehu Rudeforth,New Zealand,Milk Bars,2022-05-18,2478.0,188.0,13.180851063829785,1
Gunar Cockshoot,India,Caramel Stuffed Bars,2022-07-28,2471.0,202.0,12.232673267326732,1
Curtice Advani,UK,Manuka Honey Choco,2022-02-07,1666.0,106.0,15.716981132075471,1
Andria Kimpton,India,Orange Choco,2022-05-30,301.0,421.0,0.7149643705463191,1
Beverie Moffet,Canada,85% Dark Bars,2022-02-16,6139.0,45.0,136.42222222222222,0
Kelci Walkden,Australia,Drinking Coco,2022-05-04,1288.0,60.0,21.46666666666667,1
Van Tuxwell,Canada,70% Dark Bites,2022-06-02,7077.0,77.0,91.9090909090909,0
Dennison Crosswaite,USA,Caramel Stuffed Bars,2022-07-11,2317.0,464.0,4.993534482758619,1
Beverie Moffet,New Zealand,Spicy Special Slims,2022-06-07,63.0,60.0,1.04999999999999,1
Jan Morforth,UK,Almond Choco,2022-07-06,9744.0,157.0,62.06369426751591,0
Husein Augar,India,Raspberry Choco,2022-06-15,9954.0,154.0,64.63636363636364,0
Dotty Strutley,India,Mint Chip Choco,2022-04-14,1260.0000000000005,239.0,5.271966527196653,1
Camilla Castle,India,Drinking Coco,2022-08-08,469.0,163.0,2.877300613496928,1
Marney O'Breen,UK,Drinking Coco,2022-03-29,973.0,28.0,34.75,1
Roddy Speechley,Australia,Organic Choco Syrup,2022-07-04,3647.0,76.0,47.98684210526316,1
Ches Bonnell,India,99% Dark & Pure,2022-02-16,455.0,96.0,4.739583333333336,1
Rafaelita Blaksland,Canada,Spicy Special Slims,2022-05-02,2520.0,156.0,16.153846153846153,1
Van Tuxwell,India,Eclairs,2022-07-21,10500.0,106.0,99.0566037735849,0
Gunar Cockshoot,Australia,99% Dark & Pure,2022-08-18,7952.0,235.0,33.838297872340426,0
Kaine Padly,USA,85% Dark Bars,2022-06-22,483.0,259.0,1.8648648648648631,1
Camilla Castle,UK,Peanut Butter Cubes,2022-07-19,4872.0,126.0,38.666666666666664,1
Madelene Upcott,UK,Peanut Butter Cubes,2022-08-12,7756.0,85.0,91.24705882352941,0
Madelene Upcott,USA,Choco Coated Almonds,2022-06-07,5446.0,132.0,41.25757575757576,1
Marney O'Breen,Canada,Peanut Butter Cubes,2022-03-08,6594.0,91.0,72.46153846153847,0
Ches Bonnell,Australia,Choco Coated Almonds,2022-04-08,1470.0,167.0,8.802395209580837,1
Curtice Advani,Canada,Eclairs,2022-05-06,721.0,203.0,3.551724137931032,1
Van Tuxwell,Australia,Mint Chip Choco,2022-01-13,2674.0,295.0,9.064406779661013,1
Dennison Crosswaite,USA,70% Dark Bites,2022-03-15,658.0,77.0,8.545454545454547,1
Andria Kimpton,Canada,Peanut Butter Cubes,2022-02-16,1127.0000000000005,319.0,3.532915360501569,1
Gigi Bohling,USA,70% Dark Bites,2022-01-14,7364.0,196.0,37.57142857142857,0
Rafaelita Blaksland,Australia,White Choc,2022-03-21,6818.0,102.0,66.84313725490196,0
Roddy Speechley,Canada,Drinking Coco,2022-05-17,6776.0,312.0,21.71794871794872,0
Madelene Upcott,Canada,Milk Bars,2022-04-26,3612.0,82.0,44.048780487804876,1
Madelene Upcott,Australia,70% Dark Bites,2022-04-15,3710.0,260.0,14.26923076923077,1
Dennison Crosswaite,Canada,Drinking Coco,2022-01-10,2702.0,24.0,112.58333333333333,1
Mallorie Waber,New Zealand,After Nines,2022-05-04,483.0,228.0,2.118421052631575,1
Roddy Speechley,Canada,White Choc,2022-04-05,5887.0,268.0,21.96641791044776,1
Andria Kimpton,India,After Nines,2022-01-17,952.0,68.0,14.0,1
Roddy Speechley,India,Spicy Special Slims,2022-03-22,10647.0,173.0,61.543352601156066,0
Dotty Strutley,Australia,White Choc,2022-07-05,6055.0,93.0,65.10752688172043,0
Oby Sorrel,Canada,Orange Choco,2022-04-27,8757.0,338.0,25.90828402366864,0
Kaine Padly,Canada,Almond Choco,2022-08-12,6055.0,73.0,82.94520547945206,0
Jan Morforth,UK,Baker's Choco Chips,2022-03-11,721.0,251.0,2.8725099601593627,1
Jehu Rudeforth,UK,Fruit & Nut Bars,2022-05-13,8589.0,229.0,37.506550218340614,0
Dennison Crosswaite,USA,Smooth Sliky Salty,2022-05-12,11781.0,91.0,129.46153846153845,0
Brien Boise,USA,Raspberry Choco,2022-01-12,672.0,194.0,3.463917525773198,1
Madelene Upcott,New Zealand,Milk Bars,2022-03-29,12558.0,403.0,31.161290322580644,0
Barr Faughny,New Zealand,99% Dark & Pure,2022-05-24,8134.0,195.0,41.712820512820514,0
Dennison Crosswaite,Canada,Organic Choco Syrup,2022-01-28,8491.0,75.0,113.21333333333334,0
Beverie Moffet,India,Almond Choco,2022-05-24,3066.0,96.0,31.9375,1
Brien Boise,Australia,Peanut Butter Cubes,2022-08-19,301.0,205.0,1.4682926829268297,1
Karlen McCaffrey,Australia,Spicy Special Slims,2022-05-17,4410.0,323.0,13.653250773993808,1
Jehu Rudeforth,USA,White Choc,2022-06-07,6559.0,119.0,55.11764705882353,0
Ches Bonnell,Canada,Organic Choco Syrup,2022-07-26,574.0,217.0,2.6451612903225836,1
Dotty Strutley,India,Eclairs,2022-07-28,2086.0,384.0,5.432291666666664,1
Karlen McCaffrey,India,70% Dark Bites,2022-05-23,5075.0,344.0,14.752906976744185,1
